Bulbasaur,Grass,Poison,https://static.wikia.nocookie.net/pokemon/images/0/03/001.png
Ivysaur,Grass,Poison,https://static.wikia.nocookie.net/pokemon/images/b/b0/002.png
Venusaur,Grass,Poison,https://static.wikia.nocookie.net/pokemon/images/b/b0/003.png
Charmander,Fire,,https://static.wikia.nocookie.net/pokemon/images/d/d5/004.png
Charmeleon,Fire,,https://static.wikia.nocookie.net/pokemon/images/2/20/005.png
Charizard,Fire,Flying,https://static.wikia.nocookie.net/pokemon/images/1/18/006.png
Squirtle,Water,,https://static.wikia.nocookie.net/pokemon/images/e/e8/007.png
Wartortle,Water,,https://static.wikia.nocookie.net/pokemon/images/1/17/008.png
Blastoise,Water,,https://static.wikia.nocookie.net/pokemon/images/d/d2/009.png
Caterpie,Bug,,https://static.wikia.nocookie.net/pokemon/images/5/5c/010.png
Metapod,Bug,,https://static.wikia.nocookie.net/pokemon/images/9/96/011.png
Butterfree,Bug,Flying,https://static.wikia.nocookie.net/pokemon/images/b/b8/012.png
Weedle,Bug,Poison,https://static.wikia.nocookie.net/pokemon/images/c/cf/013.png
Kakuna,Bug,Poison,https://static.wikia.nocookie.net/pokemon/images/5/52/014.png
Beedrill,Bug,Poison,https://static.wikia.nocookie.net/pokemon/images/5/5e/015.png
Pidgey,Normal,Flying,https://static.wikia.nocookie.net/pokemon/images/5/5c/016.png
Pidgeotto,Normal,Flying,https://static.wikia.nocookie.net/pokemon/images/c/cf/017.png
Pidgeot,Normal,Flying,https://static.wikia.nocookie.net/pokemon/images/d/d1/018.png
Rattata,Normal,,https://static.wikia.nocookie.net/pokemon/images/0/01/019.png
Raticate,Normal,,https://static.wikia.nocookie.net/pokemon/images/8/8d/020.png
Spearow,Normal,Flying,https://static.wikia.nocookie.net/pokemon/images/8/82/021.png
Fearow,Normal,Flying,https://static.wikia.nocookie.net/pokemon/images/2/27/022.png
Ekans,Poison,,https://static.wikia.nocookie.net/pokemon/images/e/ee/023.png
Arbok,Poison,,https://static.wikia.nocookie.net/pokemon/images/a/a0/024.png
Pikachu,Electric,,https://static.wikia.nocookie.net/pokemon/images/0/0a/025.png
Raichu,Electric,,https://static.wikia.nocookie.net/pokemon/images/b/b3/026.png
Sandshrew,Ground,,https://static.wikia.nocookie.net/pokemon/images/e/e3/027.png
Sandslash,Ground,,https://static.wikia.nocookie.net/pokemon/images/e/e7/028.png
Nidoranâ™€,Poison,,https://static.wikia.nocookie.net/pokemon/images/a/a7/029.png
Nidorina,Poison,,https://static.wikia.nocookie.net/pokemon/images/9/94/030.png
Nidoqueen,Poison,Ground,https://static.wikia.nocookie.net/pokemon/images/6/61/031.png
Nidoranâ™‚,Poison,,https://static.wikia.nocookie.net/pokemon/images/2/2e/032.png
Nidorino,Poison,,https://static.wikia.nocookie.net/pokemon/images/1/17/033.png
Nidoking,Poison,Ground,https://static.wikia.nocookie.net/pokemon/images/7/7d/034.png
Clefairy,Fairy,,https://static.wikia.nocookie.net/pokemon/images/0/05/035.png
Clefable,Fairy,,https://static.wikia.nocookie.net/pokemon/images/0/08/036.png
Vulpix,Fire,,https://static.wikia.nocookie.net/pokemon/images/8/89/037.png
Ninetales,Fire,,https://static.wikia.nocookie.net/pokemon/images/e/ef/038.png
Jigglypuff,Normal,Fairy,https://static.wikia.nocookie.net/pokemon/images/3/34/039.png
Wigglytuff,Normal,Fairy,https://static.wikia.nocookie.net/pokemon/images/9/9c/040.png
Zubat,Poison,Flying,https://static.wikia.nocookie.net/pokemon/images/2/24/041.png
Golbat,Poison,Flying,https://static.wikia.nocookie.net/pokemon/images/f/f1/042.png
Oddish,Grass,Poison,https://static.wikia.nocookie.net/pokemon/images/4/45/043.png
Gloom,Grass,Poison,https://static.wikia.nocookie.net/pokemon/images/5/5d/044.png
Vileplume,Grass,Poison,https://static.wikia.nocookie.net/pokemon/images/e/e2/045.png
Paras,Bug,Grass,https://static.wikia.nocookie.net/pokemon/images/d/d0/046.png
Parasect,Bug,Grass,https://static.wikia.nocookie.net/pokemon/images/b/b0/047.png
Venonat,Bug,Poison,https://static.wikia.nocookie.net/pokemon/images/6/6b/048.png
Venomoth,Bug,Poison,https://static.wikia.nocookie.net/pokemon/images/c/c9/049.png
Diglett,Ground,,https://static.wikia.nocookie.net/pokemon/images/6/68/050.png
Dugtrio,Ground,,https://static.wikia.nocookie.net/pokemon/images/8/81/051.png
Meowth,Normal,,https://static.wikia.nocookie.net/pokemon/images/3/3c/052.png
Persian,Normal,,https://static.wikia.nocookie.net/pokemon/images/3/3f/053.png
Psyduck,Water,,https://static.wikia.nocookie.net/pokemon/images/9/9c/054.png
Golduck,Water,,https://static.wikia.nocookie.net/pokemon/images/d/dc/055.png
Mankey,Fighting,,https://static.wikia.nocookie.net/pokemon/images/4/40/056.png
Primeape,Fighting,,https://static.wikia.nocookie.net/pokemon/images/9/94/057.png
Growlithe,Fire,,https://static.wikia.nocookie.net/pokemon/images/8/85/058.png
Arcanine,Fire,,https://static.wikia.nocookie.net/pokemon/images/0/02/059.png
Poliwag,Water,,https://static.wikia.nocookie.net/pokemon/images/d/d2/060.png
Poliwhirl,Water,,https://static.wikia.nocookie.net/pokemon/images/4/43/061.png
Poliwrath,Water,Fighting,https://static.wikia.nocookie.net/pokemon/images/b/b8/062.png
Abra,Psychic,,https://static.wikia.nocookie.net/pokemon/images/e/e7/063.png
Kadabra,Psychic,,https://static.wikia.nocookie.net/pokemon/images/e/e7/064.png
Alakazam,Psychic,,https://static.wikia.nocookie.net/pokemon/images/6/6a/065.png
Machop,Fighting,,https://static.wikia.nocookie.net/pokemon/images/1/14/066.png
Machoke,Fighting,,https://static.wikia.nocookie.net/pokemon/images/c/c5/067.png
Machamp,Fighting,,https://static.wikia.nocookie.net/pokemon/images/a/ae/068.png
Bellsprout,Grass,Poison,https://static.wikia.nocookie.net/pokemon/images/f/f2/069.png
Weepinbell,Grass,Poison,https://static.wikia.nocookie.net/pokemon/images/7/72/070.png
Victreebel,Grass,Poison,https://static.wikia.nocookie.net/pokemon/images/f/f5/071.png
Tentacool,Water,Poison,https://static.wikia.nocookie.net/pokemon/images/2/24/072.png
Tentacruel,Water,Poison,https://static.wikia.nocookie.net/pokemon/images/b/ba/073.png
Geodude,Rock,Ground,https://static.wikia.nocookie.net/pokemon/images/8/82/074.png
Graveler,Rock,Ground,https://static.wikia.nocookie.net/pokemon/images/6/63/075.png
Golem,Rock,Ground,https://static.wikia.nocookie.net/pokemon/images/e/e6/076.png
Ponyta,Fire,,https://static.wikia.nocookie.net/pokemon/images/7/70/077.png
Rapidash,Fire,,https://static.wikia.nocookie.net/pokemon/images/8/86/078.png
Slowpoke,Water,Psychic,https://static.wikia.nocookie.net/pokemon/images/4/42/079.png
Slowbro,Water,Psychic,https://static.wikia.nocookie.net/pokemon/images/b/b8/080.png
Magnemite,Electric,Steel,https://static.wikia.nocookie.net/pokemon/images/b/bc/081.png
Magneton,Electric,Steel,https://static.wikia.nocookie.net/pokemon/images/6/63/082.png
Farfetch'd,Normal,Flying,https://static.wikia.nocookie.net/pokemon/images/2/2b/083.png
Doduo,Normal,Flying,https://static.wikia.nocookie.net/pokemon/images/6/61/084.png
Dodrio,Normal,Flying,https://static.wikia.nocookie.net/pokemon/images/1/1c/085.png
Seel,Water,,https://static.wikia.nocookie.net/pokemon/images/3/39/086.png
Dewgong,Water,Ice,https://static.wikia.nocookie.net/pokemon/images/3/3b/087.png
Grimer,Poison,,https://static.wikia.nocookie.net/pokemon/images/7/78/088.png
Muk,Poison,,https://static.wikia.nocookie.net/pokemon/images/7/77/089.png
Shellder,Water,,https://static.wikia.nocookie.net/pokemon/images/2/2d/090.png
Cloyster,Water,Ice,https://static.wikia.nocookie.net/pokemon/images/8/88/091.png
Gastly,Ghost,Poison,https://static.wikia.nocookie.net/pokemon/images/7/7b/092.png
Haunter,Ghost,Poison,https://static.wikia.nocookie.net/pokemon/images/9/9e/093.png
Gengar,Ghost,Poison,https://static.wikia.nocookie.net/pokemon/images/3/34/094.png
Onix,Rock,Ground,https://static.wikia.nocookie.net/pokemon/images/d/de/095.png
Drowzee,Psychic,,https://static.wikia.nocookie.net/pokemon/images/6/67/096.png
Hypno,Psychic,,https://static.wikia.nocookie.net/pokemon/images/3/38/097.png
Krabby,Water,,https://static.wikia.nocookie.net/pokemon/images/3/37/098.png
Kingler,Water,,https://static.wikia.nocookie.net/pokemon/images/2/27/099.png
Voltorb,Electric,,https://static.wikia.nocookie.net/pokemon/images/7/7c/100.png
Electrode,Electric,,https://static.wikia.nocookie.net/pokemon/images/b/b5/101.png
Exeggcute,Grass,Psychic,https://static.wikia.nocookie.net/pokemon/images/d/df/102.png
Exeggutor,Grass,Psychic,https://static.wikia.nocookie.net/pokemon/images/6/64/103.png
Cubone,Ground,,https://static.wikia.nocookie.net/pokemon/images/4/48/104.png
Marowak,Ground,,https://static.wikia.nocookie.net/pokemon/images/0/01/105.png
Hitmonlee,Fighting,,https://static.wikia.nocookie.net/pokemon/images/3/3a/106.png
Hitmonchan,Fighting,,https://static.wikia.nocookie.net/pokemon/images/9/91/107.png
Lickitung,Normal,,https://static.wikia.nocookie.net/pokemon/images/5/55/108.png
Koffing,Poison,,https://static.wikia.nocookie.net/pokemon/images/9/94/109.png
Weezing,Poison,,https://static.wikia.nocookie.net/pokemon/images/f/f7/110.png
Rhyhorn,Ground,Rock,https://static.wikia.nocookie.net/pokemon/images/7/72/111.png
Rhydon,Ground,Rock,https://static.wikia.nocookie.net/pokemon/images/c/c2/112.png
Chansey,Normal,,https://static.wikia.nocookie.net/pokemon/images/3/34/113.png
Tangela,Grass,,https://static.wikia.nocookie.net/pokemon/images/d/db/114.png
Kangaskhan,Normal,,https://static.wikia.nocookie.net/pokemon/images/e/e1/115.png
Horsea,Water,,https://static.wikia.nocookie.net/pokemon/images/d/d1/116.png
Seadra,Water,,https://static.wikia.nocookie.net/pokemon/images/7/79/117.png
Goldeen,Water,,https://static.wikia.nocookie.net/pokemon/images/f/fe/118.png
Seaking,Water,,https://static.wikia.nocookie.net/pokemon/images/5/56/119.png
Staryu,Water,,https://static.wikia.nocookie.net/pokemon/images/7/7b/120.png
Starmie,Water,Psychic,https://static.wikia.nocookie.net/pokemon/images/d/d2/121.png
Mr. Mime,Psychic,Fairy,https://static.wikia.nocookie.net/pokemon/images/b/be/122.png
Scyther,Bug,Flying,https://static.wikia.nocookie.net/pokemon/images/8/81/123.png
Jynx,Ice,Psychic,https://static.wikia.nocookie.net/pokemon/images/a/a8/124.png
Electabuzz,Electric,,https://static.wikia.nocookie.net/pokemon/images/2/28/125.png
Magmar,Fire,,https://static.wikia.nocookie.net/pokemon/images/a/af/126.png
Pinsir,Bug,,https://static.wikia.nocookie.net/pokemon/images/b/be/127.png
Tauros,Normal,,https://static.wikia.nocookie.net/pokemon/images/3/32/128.png
Magikarp,Water,,https://static.wikia.nocookie.net/pokemon/images/e/ea/129.png
Gyarados,Water,Flying,https://static.wikia.nocookie.net/pokemon/images/c/ca/130.png
Lapras,Water,Ice,https://static.wikia.nocookie.net/pokemon/images/8/83/131.png
Ditto,Normal,,https://static.wikia.nocookie.net/pokemon/images/6/60/132.png
Eevee,Normal,,https://static.wikia.nocookie.net/pokemon/images/6/6c/133.png
Vaporeon,Water,,https://static.wikia.nocookie.net/pokemon/images/3/3e/134.png
Jolteon,Electric,,https://static.wikia.nocookie.net/pokemon/images/7/78/135.png
Flareon,Fire,,https://static.wikia.nocookie.net/pokemon/images/d/de/136.png
Porygon,Normal,,https://static.wikia.nocookie.net/pokemon/images/9/9d/137.png
Omanyte,Rock,Water,https://static.wikia.nocookie.net/pokemon/images/4/4a/138.png
Omastar,Rock,Water,https://static.wikia.nocookie.net/pokemon/images/d/d1/139.png
Kabuto,Rock,Water,https://static.wikia.nocookie.net/pokemon/images/0/09/140.png
Kabutops,Rock,Water,https://static.wikia.nocookie.net/pokemon/images/6/67/141.png
Aerodactyl,Rock,Flying,https://static.wikia.nocookie.net/pokemon/images/d/d3/142.png
Snorlax,Normal,,https://static.wikia.nocookie.net/pokemon/images/7/7d/143.png
Articuno,Ice,Flying,https://static.wikia.nocookie.net/pokemon/images/9/9a/144.png
Zapdos,Electric,Flying,https://static.wikia.nocookie.net/pokemon/images/c/c7/145.png
Moltres,Fire,Flying,https://static.wikia.nocookie.net/pokemon/images/d/db/146.png
Dratini,Dragon,,https://static.wikia.nocookie.net/pokemon/images/a/a3/147.png
Dragonair,Dragon,,https://static.wikia.nocookie.net/pokemon/images/5/51/148.png
Dragonite,Dragon,Flying,https://static.wikia.nocookie.net/pokemon/images/d/d2/149.png
Mewtwo,Psychic,,https://static.wikia.nocookie.net/pokemon/images/0/09/150.png
Mew,Psychic,,https://static.wikia.nocookie.net/pokemon/images/3/39/151.png
Chikorita,Grass,,https://static.wikia.nocookie.net/pokemon/images/d/db/152.png
Bayleef,Grass,,https://static.wikia.nocookie.net/pokemon/images/0/05/153.png
Meganium,Grass,,https://static.wikia.nocookie.net/pokemon/images/f/fc/154.png
Cyndaquil,Fire,,https://static.wikia.nocookie.net/pokemon/images/3/39/155.png
Quilava,Fire,,https://static.wikia.nocookie.net/pokemon/images/4/43/156.png
Typhlosion,Fire,,https://static.wikia.nocookie.net/pokemon/images/4/49/157.png
Totodile,Water,,https://static.wikia.nocookie.net/pokemon/images/5/5d/158.png
Croconaw,Water,,https://static.wikia.nocookie.net/pokemon/images/e/e2/159.png
Feraligatr,Water,,https://static.wikia.nocookie.net/pokemon/images/2/20/160.png
Sentret,Normal,,https://static.wikia.nocookie.net/pokemon/images/8/81/161.png
Furret,Normal,,https://static.wikia.nocookie.net/pokemon/images/0/0f/162.png
Hoothoot,Normal,Flying,https://static.wikia.nocookie.net/pokemon/images/a/a4/163.png
Noctowl,Normal,Flying,https://static.wikia.nocookie.net/pokemon/images/c/c2/164.png
Ledyba,Bug,Flying,https://static.wikia.nocookie.net/pokemon/images/9/9d/165.png
Ledian,Bug,Flying,https://static.wikia.nocookie.net/pokemon/images/4/4f/166.png
Spinarak,Bug,Poison,https://static.wikia.nocookie.net/pokemon/images/0/0b/167.png
Ariados,Bug,Poison,https://static.wikia.nocookie.net/pokemon/images/f/f8/168.png
Crobat,Poison,Flying,https://static.wikia.nocookie.net/pokemon/images/0/09/169.png
Chinchou,Water,Electric,https://static.wikia.nocookie.net/pokemon/images/b/be/170.png
Lanturn,Water,Electric,https://static.wikia.nocookie.net/pokemon/images/b/bb/171.png
Pichu,Electric,,https://static.wikia.nocookie.net/pokemon/images/6/60/172.png
Cleffa,Fairy,,https://static.wikia.nocookie.net/pokemon/images/3/3f/173.png
Igglybuff,Normal,Fairy,https://static.wikia.nocookie.net/pokemon/images/6/65/174.png
Togepi,Fairy,,https://static.wikia.nocookie.net/pokemon/images/2/24/175.png
Togetic,Fairy,,https://static.wikia.nocookie.net/pokemon/images/d/dd/176.png
Natu,Psychic,Flying,https://static.wikia.nocookie.net/pokemon/images/2/27/177.png
Xatu,Psychic,Flying,https://static.wikia.nocookie.net/pokemon/images/0/04/178.png
Mareep,Electric,,https://static.wikia.nocookie.net/pokemon/images/9/93/179.png
Flaaffy,Electric,,https://static.wikia.nocookie.net/pokemon/images/0/02/180.png
Ampharos,Electric,,https://static.wikia.nocookie.net/pokemon/images/8/83/181.png
Bellossom,Grass,,https://static.wikia.nocookie.net/pokemon/images/e/ec/182.png
Marill,Water,Fairy,https://static.wikia.nocookie.net/pokemon/images/5/5a/183.png
Azumarill,Water,Fairy,https://static.wikia.nocookie.net/pokemon/images/5/57/184.png
Sudowoodo,Rock,,https://static.wikia.nocookie.net/pokemon/images/b/b6/185.png
Politoed,Water,,https://static.wikia.nocookie.net/pokemon/images/7/77/186.png
Hoppip,Grass,Flying,https://static.wikia.nocookie.net/pokemon/images/e/e8/187.png
Skiploom,Grass,Flying,https://static.wikia.nocookie.net/pokemon/images/d/d4/188.png
Jumpluff,Grass,Flying,https://static.wikia.nocookie.net/pokemon/images/f/f8/189.png
Aipom,Normal,,https://static.wikia.nocookie.net/pokemon/images/6/60/190.png
Sunkern,Grass,,https://static.wikia.nocookie.net/pokemon/images/8/86/191.png
Sunflora,Grass,,https://static.wikia.nocookie.net/pokemon/images/9/90/192.png
Yanma,Bug,Flying,https://static.wikia.nocookie.net/pokemon/images/a/a6/193.png
Wooper,Water,Ground,https://static.wikia.nocookie.net/pokemon/images/f/f4/194.png
Quagsire,Water,Ground,https://static.wikia.nocookie.net/pokemon/images/3/33/195.png
Espeon,Psychic,,https://static.wikia.nocookie.net/pokemon/images/b/b9/196.png
Umbreon,Dark,,https://static.wikia.nocookie.net/pokemon/images/6/6d/197.png
Murkrow,Dark,Flying,https://static.wikia.nocookie.net/pokemon/images/0/08/198.png
Slowking,Water,Psychic,https://static.wikia.nocookie.net/pokemon/images/2/25/199.png
Misdreavus,Ghost,,https://static.wikia.nocookie.net/pokemon/images/8/85/200.png
Unown,Psychic,,https://static.wikia.nocookie.net/pokemon/images/b/b8/201.png
Wobbuffet,Psychic,,https://static.wikia.nocookie.net/pokemon/images/c/c0/202.png
Girafarig,Normal,Psychic,https://static.wikia.nocookie.net/pokemon/images/5/57/203.png
Pineco,Bug,,https://static.wikia.nocookie.net/pokemon/images/4/48/204.png
Forretress,Bug,Steel,https://static.wikia.nocookie.net/pokemon/images/f/f7/205.png
Dunsparce,Normal,,https://static.wikia.nocookie.net/pokemon/images/f/fc/206.png
Gligar,Ground,Flying,https://static.wikia.nocookie.net/pokemon/images/9/98/207.png
Steelix,Steel,Ground,https://static.wikia.nocookie.net/pokemon/images/7/7e/208.png
Snubbull,Fairy,,https://static.wikia.nocookie.net/pokemon/images/4/41/209.png
Granbull,Fairy,,https://static.wikia.nocookie.net/pokemon/images/d/d7/210.png
Qwilfish,Water,Poison,https://static.wikia.nocookie.net/pokemon/images/2/20/211.png
Scizor,Bug,Steel,https://static.wikia.nocookie.net/pokemon/images/6/64/212.png
Shuckle,Bug,Rock,https://static.wikia.nocookie.net/pokemon/images/c/cb/213.png
Heracross,Bug,Fighting,https://static.wikia.nocookie.net/pokemon/images/d/d3/214.png
Sneasel,Dark,Ice,https://static.wikia.nocookie.net/pokemon/images/4/40/215.png
Teddiursa,Normal,,https://static.wikia.nocookie.net/pokemon/images/9/98/216.png
Ursaring,Normal,,https://static.wikia.nocookie.net/pokemon/images/f/f1/217.png
Slugma,Fire,,https://static.wikia.nocookie.net/pokemon/images/9/9a/218.png
Magcargo,Fire,Rock,https://static.wikia.nocookie.net/pokemon/images/a/a4/219.png
Swinub,Ice,Ground,https://static.wikia.nocookie.net/pokemon/images/b/bb/220.png
Piloswine,Ice,Ground,https://static.wikia.nocookie.net/pokemon/images/2/21/221.png
Corsola,Water,Rock,https://static.wikia.nocookie.net/pokemon/images/b/b3/222.png
Remoraid,Water,,https://static.wikia.nocookie.net/pokemon/images/3/39/223.png
Octillery,Water,,https://static.wikia.nocookie.net/pokemon/images/e/e4/224.png
Delibird,Ice,Flying,https://static.wikia.nocookie.net/pokemon/images/2/26/225.png
Mantine,Water,Flying,https://static.wikia.nocookie.net/pokemon/images/7/78/226.png
Skarmory,Steel,Flying,https://static.wikia.nocookie.net/pokemon/images/2/24/227.png
Houndour,Dark,Fire,https://static.wikia.nocookie.net/pokemon/images/c/cf/228.png
Houndoom,Dark,Fire,https://static.wikia.nocookie.net/pokemon/images/c/c0/229.png
Kingdra,Water,Dragon,https://static.wikia.nocookie.net/pokemon/images/5/51/230.png
Phanpy,Ground,,https://static.wikia.nocookie.net/pokemon/images/1/1f/231.png
Donphan,Ground,,https://static.wikia.nocookie.net/pokemon/images/f/f2/232.png
Porygon2,Normal,,https://static.wikia.nocookie.net/pokemon/images/7/74/233.png
Stantler,Normal,,https://static.wikia.nocookie.net/pokemon/images/7/7b/234.png
Smeargle,Normal,,https://static.wikia.nocookie.net/pokemon/images/b/b1/235.png
Tyrogue,Fighting,,https://static.wikia.nocookie.net/pokemon/images/6/60/236.png
Hitmontop,Fighting,,https://static.wikia.nocookie.net/pokemon/images/c/c3/237.png
Smoochum,Ice,Psychic,https://static.wikia.nocookie.net/pokemon/images/8/8b/238.png
Elekid,Electric,,https://static.wikia.nocookie.net/pokemon/images/c/cc/239.png
Magby,Fire,,https://static.wikia.nocookie.net/pokemon/images/1/19/240.png
Miltank,Normal,,https://static.wikia.nocookie.net/pokemon/images/0/0b/241.png
Blissey,Normal,,https://static.wikia.nocookie.net/pokemon/images/a/a0/242.png
Raikou,Electric,,https://static.wikia.nocookie.net/pokemon/images/c/c2/243.png
Entei,Fire,,https://static.wikia.nocookie.net/pokemon/images/8/8c/244.png
Suicune,Water,,https://static.wikia.nocookie.net/pokemon/images/0/0f/245.png
Larvitar,Rock,Ground,https://static.wikia.nocookie.net/pokemon/images/6/68/246.png
Pupitar,Rock,Ground,https://static.wikia.nocookie.net/pokemon/images/f/f3/247.png
Tyranitar,Rock,Dark,https://static.wikia.nocookie.net/pokemon/images/2/25/248.png
Lugia,Psychic,Flying,https://static.wikia.nocookie.net/pokemon/images/d/dd/249.png
Ho-Oh,Fire,Flying,https://static.wikia.nocookie.net/pokemon/images/f/fb/250.png
Celebi,Psychic,Grass,https://static.wikia.nocookie.net/pokemon/images/8/81/251.png
Treecko,Grass,,https://static.wikia.nocookie.net/pokemon/images/e/ec/252.png
Grovyle,Grass,,https://static.wikia.nocookie.net/pokemon/images/0/06/253.png
Sceptile,Grass,,https://static.wikia.nocookie.net/pokemon/images/e/eb/254.png
Torchic,Fire,,https://static.wikia.nocookie.net/pokemon/images/7/78/255.png
Combusken,Fire,Fighting,https://static.wikia.nocookie.net/pokemon/images/1/19/256.png
Blaziken,Fire,Fighting,https://static.wikia.nocookie.net/pokemon/images/6/60/257.png
Mudkip,Water,,https://static.wikia.nocookie.net/pokemon/images/3/36/258.png
Marshtomp,Water,Ground,https://static.wikia.nocookie.net/pokemon/images/7/75/259.png
Swampert,Water,Ground,https://static.wikia.nocookie.net/pokemon/images/4/4e/260.png
Poochyena,Dark,,https://static.wikia.nocookie.net/pokemon/images/0/02/261.png
Mightyena,Dark,,https://static.wikia.nocookie.net/pokemon/images/e/e9/262.png
Zigzagoon,Normal,,https://static.wikia.nocookie.net/pokemon/images/e/ea/263.png
Linoone,Normal,,https://static.wikia.nocookie.net/pokemon/images/9/92/264.png
Wurmple,Bug,,https://static.wikia.nocookie.net/pokemon/images/9/91/265.png
Silcoon,Bug,,https://static.wikia.nocookie.net/pokemon/images/6/67/266.png
Beautifly,Bug,Flying,https://static.wikia.nocookie.net/pokemon/images/0/0a/267.png
Cascoon,Bug,,https://static.wikia.nocookie.net/pokemon/images/e/ea/268.png
Dustox,Bug,Poison,https://static.wikia.nocookie.net/pokemon/images/1/1d/269.png
Lotad,Water,Grass,https://static.wikia.nocookie.net/pokemon/images/c/ce/270.png
Lombre,Water,Grass,https://static.wikia.nocookie.net/pokemon/images/c/c8/271.png
Ludicolo,Water,Grass,https://static.wikia.nocookie.net/pokemon/images/b/bb/272.png
Seedot,Grass,,https://static.wikia.nocookie.net/pokemon/images/0/07/273.png
Nuzleaf,Grass,Dark,https://static.wikia.nocookie.net/pokemon/images/f/f5/274.png
Shiftry,Grass,Dark,https://static.wikia.nocookie.net/pokemon/images/e/ee/275.png
Taillow,Normal,Flying,https://static.wikia.nocookie.net/pokemon/images/1/16/276.png
Swellow,Normal,Flying,https://static.wikia.nocookie.net/pokemon/images/4/45/277.png
Wingull,Water,Flying,https://static.wikia.nocookie.net/pokemon/images/0/0a/278.png
Pelipper,Water,Flying,https://static.wikia.nocookie.net/pokemon/images/c/cb/279.png
Ralts,Psychic,Fairy,https://static.wikia.nocookie.net/pokemon/images/6/6c/280.png
Kirlia,Psychic,Fairy,https://static.wikia.nocookie.net/pokemon/images/d/d4/281.png
Gardevoir,Psychic,Fairy,https://static.wikia.nocookie.net/pokemon/images/0/07/282.png
Surskit,Bug,Water,https://static.wikia.nocookie.net/pokemon/images/f/fa/283.png
Masquerain,Bug,Flying,https://static.wikia.nocookie.net/pokemon/images/d/d5/284.png
Shroomish,Grass,,https://static.wikia.nocookie.net/pokemon/images/1/18/285.png
Breloom,Grass,Fighting,https://static.wikia.nocookie.net/pokemon/images/d/d8/286.png
Slakoth,Normal,,https://static.wikia.nocookie.net/pokemon/images/3/3c/287.png
Vigoroth,Normal,,https://static.wikia.nocookie.net/pokemon/images/2/26/288.png
Slaking,Normal,,https://static.wikia.nocookie.net/pokemon/images/7/76/289.png
Nincada,Bug,Ground,https://static.wikia.nocookie.net/pokemon/images/c/ca/290.png
Ninjask,Bug,Flying,https://static.wikia.nocookie.net/pokemon/images/9/99/291.png
Shedinja,Bug,Ghost,https://static.wikia.nocookie.net/pokemon/images/4/43/292.png
Whismur,Normal,,https://static.wikia.nocookie.net/pokemon/images/a/a9/293.png
Loudred,Normal,,https://static.wikia.nocookie.net/pokemon/images/a/a3/294.png
Exploud,Normal,,https://static.wikia.nocookie.net/pokemon/images/d/d3/295.png
Makuhita,Fighting,,https://static.wikia.nocookie.net/pokemon/images/1/17/296.png
Hariyama,Fighting,,https://static.wikia.nocookie.net/pokemon/images/0/0d/297.png
Azurill,Normal,Fairy,https://static.wikia.nocookie.net/pokemon/images/f/f0/298.png
Nosepass,Rock,,https://static.wikia.nocookie.net/pokemon/images/8/80/299.png
Skitty,Normal,,https://static.wikia.nocookie.net/pokemon/images/c/c3/300.png
Delcatty,Normal,,https://static.wikia.nocookie.net/pokemon/images/9/97/301.png
Sableye,Dark,Ghost,https://static.wikia.nocookie.net/pokemon/images/7/7a/302.png
Mawile,Steel,Fairy,https://static.wikia.nocookie.net/pokemon/images/8/86/303.png
Aron,Steel,Rock,https://static.wikia.nocookie.net/pokemon/images/9/95/304.png
Lairon,Steel,Rock,https://static.wikia.nocookie.net/pokemon/images/6/64/305.png
Aggron,Steel,Rock,https://static.wikia.nocookie.net/pokemon/images/b/b8/306.png
Meditite,Fighting,Psychic,https://static.wikia.nocookie.net/pokemon/images/9/96/307.png
Medicham,Fighting,Psychic,https://static.wikia.nocookie.net/pokemon/images/f/f1/308.png
Electrike,Electric,,https://static.wikia.nocookie.net/pokemon/images/6/6b/309.png
Manectric,Electric,,https://static.wikia.nocookie.net/pokemon/images/2/29/310.png
Plusle,Electric,,https://static.wikia.nocookie.net/pokemon/images/3/31/311.png
Minun,Electric,,https://static.wikia.nocookie.net/pokemon/images/9/96/312.png
Volbeat,Bug,,https://static.wikia.nocookie.net/pokemon/images/3/3d/313.png
Illumise,Bug,,https://static.wikia.nocookie.net/pokemon/images/e/ec/314.png
Roselia,Grass,Poison,https://static.wikia.nocookie.net/pokemon/images/d/df/315.png
Gulpin,Poison,,https://static.wikia.nocookie.net/pokemon/images/c/ca/316.png
Swalot,Poison,,https://static.wikia.nocookie.net/pokemon/images/0/02/317.png
Carvanha,Water,Dark,https://static.wikia.nocookie.net/pokemon/images/a/a5/318.png
Sharpedo,Water,Dark,https://static.wikia.nocookie.net/pokemon/images/d/dd/319.png
Wailmer,Water,,https://static.wikia.nocookie.net/pokemon/images/4/42/320.png
Wailord,Water,,https://static.wikia.nocookie.net/pokemon/images/4/4e/321.png
Numel,Fire,Ground,https://static.wikia.nocookie.net/pokemon/images/8/84/322.png
Camerupt,Fire,Ground,https://static.wikia.nocookie.net/pokemon/images/f/f0/323.png
Torkoal,Fire,,https://static.wikia.nocookie.net/pokemon/images/1/16/324.png
Spoink,Psychic,,https://static.wikia.nocookie.net/pokemon/images/9/9d/325.png
Grumpig,Psychic,,https://static.wikia.nocookie.net/pokemon/images/5/50/326.png
Spinda,Normal,,https://static.wikia.nocookie.net/pokemon/images/b/bc/327.png
Trapinch,Ground,,https://static.wikia.nocookie.net/pokemon/images/a/a6/328.png
Vibrava,Ground,Dragon,https://static.wikia.nocookie.net/pokemon/images/0/0d/329.png
Flygon,Ground,Dragon,https://static.wikia.nocookie.net/pokemon/images/1/16/330.png
Cacnea,Grass,,https://static.wikia.nocookie.net/pokemon/images/b/b6/331.png
Cacturne,Grass,Dark,https://static.wikia.nocookie.net/pokemon/images/a/a5/332.png
Swablu,Normal,Flying,https://static.wikia.nocookie.net/pokemon/images/5/53/333.png
Altaria,Dragon,Flying,https://static.wikia.nocookie.net/pokemon/images/e/e2/334.png
Zangoose,Normal,,https://static.wikia.nocookie.net/pokemon/images/9/90/335.png
Seviper,Poison,,https://static.wikia.nocookie.net/pokemon/images/1/18/336.png
Lunatone,Rock,Psychic,https://static.wikia.nocookie.net/pokemon/images/0/04/337.png
Solrock,Rock,Psychic,https://static.wikia.nocookie.net/pokemon/images/9/9a/338.png
Barboach,Water,Ground,https://static.wikia.nocookie.net/pokemon/images/f/f2/339.png
Whiscash,Water,Ground,https://static.wikia.nocookie.net/pokemon/images/9/95/340.png
Corphish,Water,,https://static.wikia.nocookie.net/pokemon/images/4/49/341.png
Crawdaunt,Water,Dark,https://static.wikia.nocookie.net/pokemon/images/e/ec/342.png
Baltoy,Ground,Psychic,https://static.wikia.nocookie.net/pokemon/images/8/83/343.png
Claydol,Ground,Psychic,https://static.wikia.nocookie.net/pokemon/images/5/5f/344.png
Lileep,Rock,Grass,https://static.wikia.nocookie.net/pokemon/images/4/49/345.png
Cradily,Rock,Grass,https://static.wikia.nocookie.net/pokemon/images/6/67/346.png
Anorith,Rock,Bug,https://static.wikia.nocookie.net/pokemon/images/3/37/347.png
Armaldo,Rock,Bug,https://static.wikia.nocookie.net/pokemon/images/8/8e/348.png
Feebas,Water,,https://static.wikia.nocookie.net/pokemon/images/a/ad/349.png
Milotic,Water,,https://static.wikia.nocookie.net/pokemon/images/2/27/350.png
Castform,Normal,,https://static.wikia.nocookie.net/pokemon/images/9/94/351.png
Kecleon,Normal,,https://static.wikia.nocookie.net/pokemon/images/4/4d/352.png
Shuppet,Ghost,,https://static.wikia.nocookie.net/pokemon/images/f/f9/353.png
Banette,Ghost,,https://static.wikia.nocookie.net/pokemon/images/9/90/354.png
Duskull,Ghost,,https://static.wikia.nocookie.net/pokemon/images/e/ef/355.png
Dusclops,Ghost,,https://static.wikia.nocookie.net/pokemon/images/9/94/356.png
Tropius,Grass,Flying,https://static.wikia.nocookie.net/pokemon/images/c/c4/357.png
Chimecho,Psychic,,https://static.wikia.nocookie.net/pokemon/images/e/e5/358.png
Absol,Dark,,https://static.wikia.nocookie.net/pokemon/images/3/30/359.png
Wynaut,Psychic,,https://static.wikia.nocookie.net/pokemon/images/a/ab/360.png
Snorunt,Ice,,https://static.wikia.nocookie.net/pokemon/images/f/fb/361.png
Glalie,Ice,,https://static.wikia.nocookie.net/pokemon/images/1/11/362.png
Spheal,Ice,Water,https://static.wikia.nocookie.net/pokemon/images/2/26/363.png
Sealeo,Ice,Water,https://static.wikia.nocookie.net/pokemon/images/e/e9/364.png
Walrein,Ice,Water,https://static.wikia.nocookie.net/pokemon/images/e/e2/365.png
Clamperl,Water,,https://static.wikia.nocookie.net/pokemon/images/d/dd/366.png
Huntail,Water,,https://static.wikia.nocookie.net/pokemon/images/c/cb/367.png
Gorebyss,Water,,https://static.wikia.nocookie.net/pokemon/images/f/f0/368.png
Relicanth,Water,Rock,https://static.wikia.nocookie.net/pokemon/images/3/3c/369.png
Luvdisc,Water,,https://static.wikia.nocookie.net/pokemon/images/9/97/370.png
Bagon,Dragon,,https://static.wikia.nocookie.net/pokemon/images/b/b7/371.png
Shelgon,Dragon,,https://static.wikia.nocookie.net/pokemon/images/3/3b/372.png
Salamence,Dragon,Flying,https://static.wikia.nocookie.net/pokemon/images/a/a0/373.png
Beldum,Steel,Psychic,https://static.wikia.nocookie.net/pokemon/images/8/81/374.png
Metang,Steel,Psychic,https://static.wikia.nocookie.net/pokemon/images/e/e7/375.png
Metagross,Steel,Psychic,https://static.wikia.nocookie.net/pokemon/images/e/eb/376.png
Regirock,Rock,,https://static.wikia.nocookie.net/pokemon/images/7/72/377.png
Regice,Ice,,https://static.wikia.nocookie.net/pokemon/images/7/76/378.png
Registeel,Steel,,https://static.wikia.nocookie.net/pokemon/images/e/e0/379.png
Latias,Dragon,Psychic,https://static.wikia.nocookie.net/pokemon/images/e/eb/380.png
Latios,Dragon,Psychic,https://static.wikia.nocookie.net/pokemon/images/9/9a/381.png
Kyogre,Water,,https://static.wikia.nocookie.net/pokemon/images/1/1f/382.png
Groudon,Ground,,https://static.wikia.nocookie.net/pokemon/images/d/d9/383.png
Rayquaza,Dragon,Flying,https://static.wikia.nocookie.net/pokemon/images/5/55/384.png
Jirachi,Steel,Psychic,https://static.wikia.nocookie.net/pokemon/images/f/f3/385.png
Deoxys,Psychic,,https://static.wikia.nocookie.net/pokemon/images/3/38/386.png
Turtwig,Grass,,https://static.wikia.nocookie.net/pokemon/images/c/c9/387.png
Grotle,Grass,,https://static.wikia.nocookie.net/pokemon/images/2/2b/388.png
Torterra,Grass,Ground,https://static.wikia.nocookie.net/pokemon/images/a/ad/389.png
Chimchar,Fire,,https://static.wikia.nocookie.net/pokemon/images/d/d1/390.png
Monferno,Fire,Fighting,https://static.wikia.nocookie.net/pokemon/images/7/79/391.png
Infernape,Fire,Fighting,https://static.wikia.nocookie.net/pokemon/images/9/9e/392.png
Piplup,Water,,https://static.wikia.nocookie.net/pokemon/images/e/ef/393.png
Prinplup,Water,,https://static.wikia.nocookie.net/pokemon/images/5/59/394.png
Empoleon,Water,Steel,https://static.wikia.nocookie.net/pokemon/images/2/2d/395.png
Starly,Normal,Flying,https://static.wikia.nocookie.net/pokemon/images/f/f9/396.png
Staravia,Normal,Flying,https://static.wikia.nocookie.net/pokemon/images/4/47/397.png
Staraptor,Normal,Flying,https://static.wikia.nocookie.net/pokemon/images/7/79/398.png
Bidoof,Normal,,https://static.wikia.nocookie.net/pokemon/images/6/6c/399.png
Bibarel,Normal,Water,https://static.wikia.nocookie.net/pokemon/images/a/a5/400.png
Kricketot,Bug,,https://static.wikia.nocookie.net/pokemon/images/d/d5/401.png
Kricketune,Bug,,https://static.wikia.nocookie.net/pokemon/images/7/71/402.png
Shinx,Electric,,https://static.wikia.nocookie.net/pokemon/images/6/68/403.png
Luxio,Electric,,https://static.wikia.nocookie.net/pokemon/images/b/bc/404.png
Luxray,Electric,,https://static.wikia.nocookie.net/pokemon/images/7/72/405.png
Budew,Grass,Poison,https://static.wikia.nocookie.net/pokemon/images/4/46/406.png
Roserade,Grass,Poison,https://static.wikia.nocookie.net/pokemon/images/4/42/407.png
Cranidos,Rock,,https://static.wikia.nocookie.net/pokemon/images/9/9b/408.png
Rampardos,Rock,,https://static.wikia.nocookie.net/pokemon/images/f/ff/409.png
Shieldon,Rock,Steel,https://static.wikia.nocookie.net/pokemon/images/8/82/410.png
Bastiodon,Rock,Steel,https://static.wikia.nocookie.net/pokemon/images/8/87/411.png
Burmy,Bug,,https://static.wikia.nocookie.net/pokemon/images/4/40/412.png
Wormadam,Bug,Grass,https://static.wikia.nocookie.net/pokemon/images/7/7a/413.png
Mothim,Bug,Flying,https://static.wikia.nocookie.net/pokemon/images/9/93/414.png
Combee,Bug,Flying,https://static.wikia.nocookie.net/pokemon/images/a/ab/415.png
Vespiquen,Bug,Flying,https://static.wikia.nocookie.net/pokemon/images/8/84/416.png
Pachirisu,Electric,,https://static.wikia.nocookie.net/pokemon/images/d/d7/417.png
Buizel,Water,,https://static.wikia.nocookie.net/pokemon/images/3/38/418.png
Floatzel,Water,,https://static.wikia.nocookie.net/pokemon/images/5/5a/419.png
Cherubi,Grass,,https://static.wikia.nocookie.net/pokemon/images/9/95/420.png
Cherrim,Grass,,https://static.wikia.nocookie.net/pokemon/images/f/f1/421.png
Shellos,Water,,https://static.wikia.nocookie.net/pokemon/images/3/31/422.png
Gastrodon,Water,Ground,https://static.wikia.nocookie.net/pokemon/images/1/16/423.png
Ambipom,Normal,,https://static.wikia.nocookie.net/pokemon/images/1/1e/424.png
Drifloon,Ghost,Flying,https://static.wikia.nocookie.net/pokemon/images/4/4d/425.png
Drifblim,Ghost,Flying,https://static.wikia.nocookie.net/pokemon/images/b/b4/426.png
Buneary,Normal,,https://static.wikia.nocookie.net/pokemon/images/8/84/427.png
Lopunny,Normal,,https://static.wikia.nocookie.net/pokemon/images/a/af/428.png
Mismagius,Ghost,,https://static.wikia.nocookie.net/pokemon/images/8/86/429.png
Honchkrow,Dark,Flying,https://static.wikia.nocookie.net/pokemon/images/f/f5/430.png
Glameow,Normal,,https://static.wikia.nocookie.net/pokemon/images/6/6b/431.png
Purugly,Normal,,https://static.wikia.nocookie.net/pokemon/images/8/8e/432.png
Chingling,Psychic,,https://static.wikia.nocookie.net/pokemon/images/d/d1/433.png
Stunky,Poison,Dark,https://static.wikia.nocookie.net/pokemon/images/3/3e/434.png
Skuntank,Poison,Dark,https://static.wikia.nocookie.net/pokemon/images/f/ff/435.png
Bronzor,Steel,Psychic,https://static.wikia.nocookie.net/pokemon/images/b/b1/436.png
Bronzong,Steel,Psychic,https://static.wikia.nocookie.net/pokemon/images/6/6e/437.png
Bonsly,Rock,,https://static.wikia.nocookie.net/pokemon/images/0/09/438.png
Mime Jr.,Psychic,Fairy,https://static.wikia.nocookie.net/pokemon/images/b/b7/439.png
Happiny,Normal,,https://static.wikia.nocookie.net/pokemon/images/7/75/440.png
Chatot,Normal,Flying,https://static.wikia.nocookie.net/pokemon/images/e/e2/441.png
Spiritomb,Ghost,Dark,https://static.wikia.nocookie.net/pokemon/images/b/bf/442.png
Gible,Dragon,Ground,https://static.wikia.nocookie.net/pokemon/images/a/ab/443.png
Gabite,Dragon,Ground,https://static.wikia.nocookie.net/pokemon/images/8/8f/444.png
Garchomp,Dragon,Ground,https://static.wikia.nocookie.net/pokemon/images/c/cb/445.png
Munchlax,Normal,,https://static.wikia.nocookie.net/pokemon/images/b/b3/446.png
Riolu,Fighting,,https://static.wikia.nocookie.net/pokemon/images/6/66/447.png
Lucario,Fighting,Steel,https://static.wikia.nocookie.net/pokemon/images/e/ec/448.png
Hippopotas,Ground,,https://static.wikia.nocookie.net/pokemon/images/b/b9/449.png
Hippowdon,Ground,,https://static.wikia.nocookie.net/pokemon/images/0/03/450.png
Skorupi,Poison,Bug,https://static.wikia.nocookie.net/pokemon/images/3/34/451.png
Drapion,Poison,Dark,https://static.wikia.nocookie.net/pokemon/images/5/50/452.png
Croagunk,Poison,Fighting,https://static.wikia.nocookie.net/pokemon/images/c/c9/453.png
Toxicroak,Poison,Fighting,https://static.wikia.nocookie.net/pokemon/images/3/3a/454.png
Carnivine,Grass,,https://static.wikia.nocookie.net/pokemon/images/3/3a/455.png
Finneon,Water,,https://static.wikia.nocookie.net/pokemon/images/9/9e/456.png
Lumineon,Water,,https://static.wikia.nocookie.net/pokemon/images/7/7d/457.png
Mantyke,Water,Flying,https://static.wikia.nocookie.net/pokemon/images/b/b8/458.png
Snover,Grass,Ice,https://static.wikia.nocookie.net/pokemon/images/d/d9/459.png
Abomasnow,Grass,Ice,https://static.wikia.nocookie.net/pokemon/images/5/5b/460.png
Weavile,Dark,Ice,https://static.wikia.nocookie.net/pokemon/images/9/97/461.png
Magnezone,Electric,Steel,https://static.wikia.nocookie.net/pokemon/images/9/98/462.png
Lickilicky,Normal,,https://static.wikia.nocookie.net/pokemon/images/b/b0/463.png
Rhyperior,Ground,Rock,https://static.wikia.nocookie.net/pokemon/images/d/d4/464.png
Tangrowth,Grass,,https://static.wikia.nocookie.net/pokemon/images/e/ec/465.png
Electivire,Electric,,https://static.wikia.nocookie.net/pokemon/images/b/b9/466.png
Magmortar,Fire,,https://static.wikia.nocookie.net/pokemon/images/9/9c/467.png
Togekiss,Fairy,,https://static.wikia.nocookie.net/pokemon/images/9/9c/468.png
Yanmega,Bug,Flying,https://static.wikia.nocookie.net/pokemon/images/6/61/469.png
Leafeon,Grass,,https://static.wikia.nocookie.net/pokemon/images/e/ef/470.png
Glaceon,Ice,,https://static.wikia.nocookie.net/pokemon/images/b/bf/471.png
Gliscor,Ground,Flying,https://static.wikia.nocookie.net/pokemon/images/5/5b/472.png
Mamoswine,Ice,Ground,https://static.wikia.nocookie.net/pokemon/images/e/ec/473.png
Porygon-Z,Normal,,https://static.wikia.nocookie.net/pokemon/images/1/17/474.png
Gallade,Psychic,Fighting,https://static.wikia.nocookie.net/pokemon/images/c/c4/475.png
Probopass,Rock,Steel,https://static.wikia.nocookie.net/pokemon/images/7/73/476.png
Dusknoir,Ghost,,https://static.wikia.nocookie.net/pokemon/images/b/b7/477.png
Froslass,Ice,Ghost,https://static.wikia.nocookie.net/pokemon/images/9/9a/478.png
Rotom,Electric,Ghost,https://static.wikia.nocookie.net/pokemon/images/2/22/479.png
Uxie,Psychic,,https://static.wikia.nocookie.net/pokemon/images/0/0d/480.png
Mesprit,Psychic,,https://static.wikia.nocookie.net/pokemon/images/8/84/481.png
Azelf,Psychic,,https://static.wikia.nocookie.net/pokemon/images/c/c8/482.png
Dialga,Steel,Dragon,https://static.wikia.nocookie.net/pokemon/images/e/e5/483.png
Palkia,Water,Dragon,https://static.wikia.nocookie.net/pokemon/images/1/18/484.png
Heatran,Fire,Steel,https://static.wikia.nocookie.net/pokemon/images/a/af/485.png
Regigigas,Normal,,https://static.wikia.nocookie.net/pokemon/images/8/8a/486.png
Giratina,Ghost,Dragon,https://static.wikia.nocookie.net/pokemon/images/6/6d/487.png
Cresselia,Psychic,,https://static.wikia.nocookie.net/pokemon/images/9/9e/488.png
Phione,Water,,https://static.wikia.nocookie.net/pokemon/images/5/56/489.png
Manaphy,Water,,https://static.wikia.nocookie.net/pokemon/images/8/8c/490.png
Darkrai,Dark,,https://static.wikia.nocookie.net/pokemon/images/3/3f/491.png
Shaymin,Grass,,https://static.wikia.nocookie.net/pokemon/images/1/19/492.png
Arceus,Normal,,https://static.wikia.nocookie.net/pokemon/images/e/e4/493.png
Victini,Psychic,Fire,https://static.wikia.nocookie.net/pokemon/images/e/e2/494.png
Snivy,Grass,,https://static.wikia.nocookie.net/pokemon/images/c/c6/495.png
Servine,Grass,,https://static.wikia.nocookie.net/pokemon/images/d/d3/496.png
Serperior,Grass,,https://static.wikia.nocookie.net/pokemon/images/9/99/497.png
Tepig,Fire,,https://static.wikia.nocookie.net/pokemon/images/6/69/498.png
Pignite,Fire,Fighting,https://static.wikia.nocookie.net/pokemon/images/e/ea/499.png
Emboar,Fire,Fighting,https://static.wikia.nocookie.net/pokemon/images/b/be/500.png
Oshawott,Water,,https://static.wikia.nocookie.net/pokemon/images/5/55/501.png
Dewott,Water,,https://static.wikia.nocookie.net/pokemon/images/6/6c/502.png
Samurott,Water,,https://static.wikia.nocookie.net/pokemon/images/9/99/503.png
Patrat,Normal,,https://static.wikia.nocookie.net/pokemon/images/0/0b/504.png
Watchog,Normal,,https://static.wikia.nocookie.net/pokemon/images/4/4d/505.png
Lillipup,Normal,,https://static.wikia.nocookie.net/pokemon/images/c/ca/506.png
Herdier,Normal,,https://static.wikia.nocookie.net/pokemon/images/3/3e/507.png
Stoutland,Normal,,https://static.wikia.nocookie.net/pokemon/images/d/d2/508.png
Purrloin,Dark,,https://static.wikia.nocookie.net/pokemon/images/f/fd/509.png
Liepard,Dark,,https://static.wikia.nocookie.net/pokemon/images/2/25/510.png
Pansage,Grass,,https://static.wikia.nocookie.net/pokemon/images/8/83/511.png
Simisage,Grass,,https://static.wikia.nocookie.net/pokemon/images/a/a2/512.png
Pansear,Fire,,https://static.wikia.nocookie.net/pokemon/images/8/8c/513.png
Simisear,Fire,,https://static.wikia.nocookie.net/pokemon/images/5/5e/514.png
Panpour,Water,,https://static.wikia.nocookie.net/pokemon/images/f/f1/515.png
Simipour,Water,,https://static.wikia.nocookie.net/pokemon/images/2/27/516.png
Munna,Psychic,,https://static.wikia.nocookie.net/pokemon/images/f/f5/517.png
Musharna,Psychic,,https://static.wikia.nocookie.net/pokemon/images/0/0e/518.png
Pidove,Normal,Flying,https://static.wikia.nocookie.net/pokemon/images/0/00/519.png
Tranquill,Normal,Flying,https://static.wikia.nocookie.net/pokemon/images/7/78/520.png
Unfezant,Normal,Flying,https://static.wikia.nocookie.net/pokemon/images/e/ec/521.png
Blitzle,Electric,,https://static.wikia.nocookie.net/pokemon/images/7/7c/522.png
Zebstrika,Electric,,https://static.wikia.nocookie.net/pokemon/images/7/71/523.png
Roggenrola,Rock,,https://static.wikia.nocookie.net/pokemon/images/7/78/524.png
Boldore,Rock,,https://static.wikia.nocookie.net/pokemon/images/e/e7/525.png
Gigalith,Rock,,https://static.wikia.nocookie.net/pokemon/images/f/ff/526.png
Woobat,Psychic,Flying,https://static.wikia.nocookie.net/pokemon/images/2/27/527.png
Swoobat,Psychic,Flying,https://static.wikia.nocookie.net/pokemon/images/6/6f/528.png
Drilbur,Ground,,https://static.wikia.nocookie.net/pokemon/images/9/95/529.png
Excadrill,Ground,Steel,https://static.wikia.nocookie.net/pokemon/images/a/ab/530.png
Audino,Normal,,https://static.wikia.nocookie.net/pokemon/images/e/ea/531.png
Timburr,Fighting,,https://static.wikia.nocookie.net/pokemon/images/c/c9/532.png
Gurdurr,Fighting,,https://static.wikia.nocookie.net/pokemon/images/e/e3/533.png
Conkeldurr,Fighting,,https://static.wikia.nocookie.net/pokemon/images/6/6a/534.png
Tympole,Water,,https://static.wikia.nocookie.net/pokemon/images/c/cd/535.png
Palpitoad,Water,Ground,https://static.wikia.nocookie.net/pokemon/images/b/bf/536.png
Seismitoad,Water,Ground,https://static.wikia.nocookie.net/pokemon/images/b/b0/537.png
Throh,Fighting,,https://static.wikia.nocookie.net/pokemon/images/2/23/538.png
Sawk,Fighting,,https://static.wikia.nocookie.net/pokemon/images/f/ff/539.png
Sewaddle,Bug,Grass,https://static.wikia.nocookie.net/pokemon/images/b/b0/540.png
Swadloon,Bug,Grass,https://static.wikia.nocookie.net/pokemon/images/c/c8/541.png
Leavanny,Bug,Grass,https://static.wikia.nocookie.net/pokemon/images/3/3d/542.png
Venipede,Bug,Poison,https://static.wikia.nocookie.net/pokemon/images/7/70/543.png
Whirlipede,Bug,Poison,https://static.wikia.nocookie.net/pokemon/images/8/85/544.png
Scolipede,Bug,Poison,https://static.wikia.nocookie.net/pokemon/images/f/f3/545.png
Cottonee,Grass,Fairy,https://static.wikia.nocookie.net/pokemon/images/7/77/546.png
Whimsicott,Grass,Fairy,https://static.wikia.nocookie.net/pokemon/images/5/5e/547.png
Petilil,Grass,,https://static.wikia.nocookie.net/pokemon/images/6/61/548.png
Lilligant,Grass,,https://static.wikia.nocookie.net/pokemon/images/8/84/549.png
Basculin,Water,,https://static.wikia.nocookie.net/pokemon/images/2/24/550.png
Sandile,Ground,Dark,https://static.wikia.nocookie.net/pokemon/images/9/9d/551.png
Krokorok,Ground,Dark,https://static.wikia.nocookie.net/pokemon/images/f/fb/552.png
Krookodile,Ground,Dark,https://static.wikia.nocookie.net/pokemon/images/e/ef/553.png
Darumaka,Fire,,https://static.wikia.nocookie.net/pokemon/images/d/dd/554.png
Darmanitan,Fire,,https://static.wikia.nocookie.net/pokemon/images/c/c8/555.png
Maractus,Grass,,https://static.wikia.nocookie.net/pokemon/images/5/5b/556.png
Dwebble,Bug,Rock,https://static.wikia.nocookie.net/pokemon/images/4/43/557.png
Crustle,Bug,Rock,https://static.wikia.nocookie.net/pokemon/images/4/47/558.png
Scraggy,Dark,Fighting,https://static.wikia.nocookie.net/pokemon/images/e/e4/559.png
Scrafty,Dark,Fighting,https://static.wikia.nocookie.net/pokemon/images/0/09/560.png
Sigilyph,Psychic,Flying,https://static.wikia.nocookie.net/pokemon/images/e/eb/561.png
Yamask,Ghost,,https://static.wikia.nocookie.net/pokemon/images/f/f7/562.png
Cofagrigus,Ghost,,https://static.wikia.nocookie.net/pokemon/images/e/ea/563.png
Tirtouga,Water,Rock,https://static.wikia.nocookie.net/pokemon/images/0/0b/564.png
Carracosta,Water,Rock,https://static.wikia.nocookie.net/pokemon/images/9/96/565.png
Archen,Rock,Flying,https://static.wikia.nocookie.net/pokemon/images/c/c3/566.png
Archeops,Rock,Flying,https://static.wikia.nocookie.net/pokemon/images/1/14/567.png
Trubbish,Poison,,https://static.wikia.nocookie.net/pokemon/images/0/07/568.png
Garbodor,Poison,,https://static.wikia.nocookie.net/pokemon/images/e/e2/569.png
Zorua,Dark,,https://static.wikia.nocookie.net/pokemon/images/b/be/570.png
Zoroark,Dark,,https://static.wikia.nocookie.net/pokemon/images/8/8c/571.png
Minccino,Normal,,https://static.wikia.nocookie.net/pokemon/images/7/7a/572.png
Cinccino,Normal,,https://static.wikia.nocookie.net/pokemon/images/a/a6/573.png
Gothita,Psychic,,https://static.wikia.nocookie.net/pokemon/images/7/73/574.png
Gothorita,Psychic,,https://static.wikia.nocookie.net/pokemon/images/8/85/575.png
Gothitelle,Psychic,,https://static.wikia.nocookie.net/pokemon/images/9/93/576.png
Solosis,Psychic,,https://static.wikia.nocookie.net/pokemon/images/9/9e/577.png
Duosion,Psychic,,https://static.wikia.nocookie.net/pokemon/images/3/32/578.png
Reuniclus,Psychic,,https://static.wikia.nocookie.net/pokemon/images/6/63/579.png
Ducklett,Water,Flying,https://static.wikia.nocookie.net/pokemon/images/6/61/580.png
Swanna,Water,Flying,https://static.wikia.nocookie.net/pokemon/images/4/45/581.png
Vanillite,Ice,,https://static.wikia.nocookie.net/pokemon/images/4/43/582.png
Vanillish,Ice,,https://static.wikia.nocookie.net/pokemon/images/e/e3/583.png
Vanilluxe,Ice,,https://static.wikia.nocookie.net/pokemon/images/b/bf/584.png
Deerling,Normal,Grass,https://static.wikia.nocookie.net/pokemon/images/7/7a/585.png
Sawsbuck,Normal,Grass,https://static.wikia.nocookie.net/pokemon/images/6/62/586.png
Emolga,Electric,Flying,https://static.wikia.nocookie.net/pokemon/images/3/3b/587.png
Karrablast,Bug,,https://static.wikia.nocookie.net/pokemon/images/4/48/588.png
Escavalier,Bug,Steel,https://static.wikia.nocookie.net/pokemon/images/0/0d/589.png
Foongus,Grass,Poison,https://static.wikia.nocookie.net/pokemon/images/5/5d/590.png
Amoonguss,Grass,Poison,https://static.wikia.nocookie.net/pokemon/images/7/74/591.png
Frillish,Water,Ghost,https://static.wikia.nocookie.net/pokemon/images/9/91/592.png
Jellicent,Water,Ghost,https://static.wikia.nocookie.net/pokemon/images/6/6e/593.png
Alomomola,Water,,https://static.wikia.nocookie.net/pokemon/images/a/ad/594.png
Joltik,Bug,Electric,https://static.wikia.nocookie.net/pokemon/images/a/a8/595.png
Galvantula,Bug,Electric,https://static.wikia.nocookie.net/pokemon/images/f/f5/596.png
Ferroseed,Grass,Steel,https://static.wikia.nocookie.net/pokemon/images/8/8e/597.png
Ferrothorn,Grass,Steel,https://static.wikia.nocookie.net/pokemon/images/6/6d/598.png
Klink,Steel,,https://static.wikia.nocookie.net/pokemon/images/4/49/599.png
Klang,Steel,,https://static.wikia.nocookie.net/pokemon/images/4/43/600.png
Klinklang,Steel,,https://static.wikia.nocookie.net/pokemon/images/b/ba/601.png
Tynamo,Electric,,https://static.wikia.nocookie.net/pokemon/images/5/5f/602.png
Eelektrik,Electric,,https://static.wikia.nocookie.net/pokemon/images/4/44/603.png
Eelektross,Electric,,https://static.wikia.nocookie.net/pokemon/images/5/58/604.png
Elgyem,Psychic,,https://static.wikia.nocookie.net/pokemon/images/a/a4/605.png
Beheeyem,Psychic,,https://static.wikia.nocookie.net/pokemon/images/f/f1/606.png
Litwick,Ghost,Fire,https://static.wikia.nocookie.net/pokemon/images/b/ba/607.png
Lampent,Ghost,Fire,https://static.wikia.nocookie.net/pokemon/images/d/d5/608.png
Chandelure,Ghost,Fire,https://static.wikia.nocookie.net/pokemon/images/e/e5/609.png
Axew,Dragon,,https://static.wikia.nocookie.net/pokemon/images/5/5b/610.png
Fraxure,Dragon,,https://static.wikia.nocookie.net/pokemon/images/a/af/611.png
Haxorus,Dragon,,https://static.wikia.nocookie.net/pokemon/images/9/9a/612.png
Cubchoo,Ice,,https://static.wikia.nocookie.net/pokemon/images/0/0d/613.png
Beartic,Ice,,https://static.wikia.nocookie.net/pokemon/images/8/8e/614.png
Cryogonal,Ice,,https://static.wikia.nocookie.net/pokemon/images/d/de/615.png
Shelmet,Bug,,https://static.wikia.nocookie.net/pokemon/images/8/86/616.png
Accelgor,Bug,,https://static.wikia.nocookie.net/pokemon/images/4/43/617.png
Stunfisk,Ground,Electric,https://static.wikia.nocookie.net/pokemon/images/0/0f/618.png
Mienfoo,Fighting,,https://static.wikia.nocookie.net/pokemon/images/2/2e/619.png
Mienshao,Fighting,,https://static.wikia.nocookie.net/pokemon/images/8/8a/620.png
Druddigon,Dragon,,https://static.wikia.nocookie.net/pokemon/images/4/42/621.png
Golett,Ground,Ghost,https://static.wikia.nocookie.net/pokemon/images/9/9e/622.png
Golurk,Ground,Ghost,https://static.wikia.nocookie.net/pokemon/images/1/10/623.png
Pawniard,Dark,Steel,https://static.wikia.nocookie.net/pokemon/images/e/e7/624.png
Bisharp,Dark,Steel,https://static.wikia.nocookie.net/pokemon/images/b/bd/625.png
Bouffalant,Normal,,https://static.wikia.nocookie.net/pokemon/images/6/6d/626.png
Rufflet,Normal,Flying,https://static.wikia.nocookie.net/pokemon/images/3/32/627.png
Braviary,Normal,Flying,https://static.wikia.nocookie.net/pokemon/images/0/01/628.png
Vullaby,Dark,Flying,https://static.wikia.nocookie.net/pokemon/images/f/f9/629.png
Mandibuzz,Dark,Flying,https://static.wikia.nocookie.net/pokemon/images/3/39/630.png
Heatmor,Fire,,https://static.wikia.nocookie.net/pokemon/images/2/2c/631.png
Durant,Bug,Steel,https://static.wikia.nocookie.net/pokemon/images/b/bf/632.png
Deino,Dark,Dragon,https://static.wikia.nocookie.net/pokemon/images/3/38/633.png
Zweilous,Dark,Dragon,https://static.wikia.nocookie.net/pokemon/images/d/d7/634.png
Hydreigon,Dark,Dragon,https://static.wikia.nocookie.net/pokemon/images/4/48/635.png
Larvesta,Bug,Fire,https://static.wikia.nocookie.net/pokemon/images/0/00/636.png
Volcarona,Bug,Fire,https://static.wikia.nocookie.net/pokemon/images/3/39/637.png
Cobalion,Steel,Fighting,https://static.wikia.nocookie.net/pokemon/images/f/fd/638.png
Terrakion,Rock,Fighting,https://static.wikia.nocookie.net/pokemon/images/b/b9/639.png
Virizion,Grass,Fighting,https://static.wikia.nocookie.net/pokemon/images/d/d0/640.png
Tornadus,Flying,,https://static.wikia.nocookie.net/pokemon/images/9/98/641.png
Thundurus,Electric,Flying,https://static.wikia.nocookie.net/pokemon/images/5/57/642.png
Reshiram,Dragon,Fire,https://static.wikia.nocookie.net/pokemon/images/3/3c/643.png
Zekrom,Dragon,Electric,https://static.wikia.nocookie.net/pokemon/images/d/dc/644.png
Landorus,Ground,Flying,https://static.wikia.nocookie.net/pokemon/images/1/1a/645.png
Kyurem,Dragon,Ice,https://static.wikia.nocookie.net/pokemon/images/d/d9/646.png
Keldeo,Water,Fighting,https://static.wikia.nocookie.net/pokemon/images/8/86/647.png
Meloetta,Normal,Psychic,https://static.wikia.nocookie.net/pokemon/images/5/51/648.png
Genesect,Bug,Steel,https://static.wikia.nocookie.net/pokemon/images/e/e4/649.png
Chespin,Grass,,https://static.wikia.nocookie.net/pokemon/images/7/74/650.png
Quilladin,Grass,,https://static.wikia.nocookie.net/pokemon/images/3/35/651.png
Chesnaught,Grass,Fighting,https://static.wikia.nocookie.net/pokemon/images/8/83/652.png
Fennekin,Fire,,https://static.wikia.nocookie.net/pokemon/images/e/e9/653.png
Braixen,Fire,,https://static.wikia.nocookie.net/pokemon/images/5/53/654.png
Delphox,Fire,Psychic,https://static.wikia.nocookie.net/pokemon/images/d/d5/655.png
Froakie,Water,,https://static.wikia.nocookie.net/pokemon/images/2/2a/656.png
Frogadier,Water,,https://static.wikia.nocookie.net/pokemon/images/6/6c/657.png
Greninja,Water,Dark,https://static.wikia.nocookie.net/pokemon/images/5/57/658.png
Bunnelby,Normal,,https://static.wikia.nocookie.net/pokemon/images/f/fd/659.png
Diggersby,Normal,Ground,https://static.wikia.nocookie.net/pokemon/images/d/d4/660.png
Fletchling,Normal,Flying,https://static.wikia.nocookie.net/pokemon/images/1/18/661.png
Fletchinder,Fire,Flying,https://static.wikia.nocookie.net/pokemon/images/c/ca/662.png
Talonflame,Fire,Flying,https://static.wikia.nocookie.net/pokemon/images/a/ad/663.png
Scatterbug,Bug,,https://static.wikia.nocookie.net/pokemon/images/6/68/664.png
Spewpa,Bug,,https://static.wikia.nocookie.net/pokemon/images/b/b4/665.png
Vivillon,Bug,Flying,https://static.wikia.nocookie.net/pokemon/images/b/b6/666.png
Litleo,Fire,Normal,https://static.wikia.nocookie.net/pokemon/images/a/ad/667.png
Pyroar,Fire,Normal,https://static.wikia.nocookie.net/pokemon/images/c/c3/668.png
FlabÃ©bÃ©,Fairy,,https://static.wikia.nocookie.net/pokemon/images/2/20/669.png
Floette,Fairy,,https://static.wikia.nocookie.net/pokemon/images/3/30/670.png
Florges,Fairy,,https://static.wikia.nocookie.net/pokemon/images/5/52/671.png
Skiddo,Grass,,https://static.wikia.nocookie.net/pokemon/images/5/53/672.png
Gogoat,Grass,,https://static.wikia.nocookie.net/pokemon/images/8/8c/673.png
Pancham,Fighting,,https://static.wikia.nocookie.net/pokemon/images/c/c1/674.png
Pangoro,Fighting,Dark,https://static.wikia.nocookie.net/pokemon/images/8/8b/675.png
Furfrou,Normal,,https://static.wikia.nocookie.net/pokemon/images/b/b7/676.png
Espurr,Psychic,,https://static.wikia.nocookie.net/pokemon/images/0/07/677.png
Meowstic,Psychic,,https://static.wikia.nocookie.net/pokemon/images/7/7f/678.png
Honedge,Steel,Ghost,https://static.wikia.nocookie.net/pokemon/images/3/32/679.png
Doublade,Steel,Ghost,https://static.wikia.nocookie.net/pokemon/images/2/24/680.png
Aegislash,Steel,Ghost,https://static.wikia.nocookie.net/pokemon/images/c/c9/681.png
Spritzee,Fairy,,https://static.wikia.nocookie.net/pokemon/images/7/7b/682.png
Aromatisse,Fairy,,https://static.wikia.nocookie.net/pokemon/images/1/19/683.png
Swirlix,Fairy,,https://static.wikia.nocookie.net/pokemon/images/7/72/684.png
Slurpuff,Fairy,,https://static.wikia.nocookie.net/pokemon/images/3/39/685.png
Inkay,Dark,Psychic,https://static.wikia.nocookie.net/pokemon/images/c/c2/686.png
Malamar,Dark,Psychic,https://static.wikia.nocookie.net/pokemon/images/8/84/687.png
Binacle,Rock,Water,https://static.wikia.nocookie.net/pokemon/images/d/d7/688.png
Barbaracle,Rock,Water,https://static.wikia.nocookie.net/pokemon/images/0/0a/689.png
Skrelp,Poison,Water,https://static.wikia.nocookie.net/pokemon/images/9/9a/690.png
Dragalge,Poison,Dragon,https://static.wikia.nocookie.net/pokemon/images/2/20/691.png
Clauncher,Water,,https://static.wikia.nocookie.net/pokemon/images/6/68/692.png
Clawitzer,Water,,https://static.wikia.nocookie.net/pokemon/images/d/db/693.png
Helioptile,Electric,Normal,https://static.wikia.nocookie.net/pokemon/images/0/01/694.png
Heliolisk,Electric,Normal,https://static.wikia.nocookie.net/pokemon/images/f/fe/695.png
Tyrunt,Rock,Dragon,https://static.wikia.nocookie.net/pokemon/images/4/40/696.png
Tyrantrum,Rock,Dragon,https://static.wikia.nocookie.net/pokemon/images/b/b7/697.png
Amaura,Rock,Ice,https://static.wikia.nocookie.net/pokemon/images/7/78/698.png
Aurorus,Rock,Ice,https://static.wikia.nocookie.net/pokemon/images/a/ad/699.png
Sylveon,Fairy,,https://static.wikia.nocookie.net/pokemon/images/b/bc/700.png
Hawlucha,Fighting,Flying,https://static.wikia.nocookie.net/pokemon/images/d/d4/701.png
Dedenne,Electric,Fairy,https://static.wikia.nocookie.net/pokemon/images/1/1a/702.png
Carbink,Rock,Fairy,https://static.wikia.nocookie.net/pokemon/images/7/7c/703.png
Goomy,Dragon,,https://static.wikia.nocookie.net/pokemon/images/4/4e/704.png
Sliggoo,Dragon,,https://static.wikia.nocookie.net/pokemon/images/b/b5/705.png
Goodra,Dragon,,https://static.wikia.nocookie.net/pokemon/images/c/c0/706.png
Klefki,Steel,Fairy,https://static.wikia.nocookie.net/pokemon/images/3/30/707.png
Phantump,Ghost,Grass,https://static.wikia.nocookie.net/pokemon/images/6/6d/708.png
Trevenant,Ghost,Grass,https://static.wikia.nocookie.net/pokemon/images/e/e4/709.png
Pumpkaboo,Ghost,Grass,https://static.wikia.nocookie.net/pokemon/images/7/74/710.png
Gourgeist,Ghost,Grass,https://static.wikia.nocookie.net/pokemon/images/3/3b/711.png
Bergmite,Ice,,https://static.wikia.nocookie.net/pokemon/images/2/25/712.png
Avalugg,Ice,,https://static.wikia.nocookie.net/pokemon/images/8/88/713.png
Noibat,Flying,Dragon,https://static.wikia.nocookie.net/pokemon/images/2/2e/714.png
Noivern,Flying,Dragon,https://static.wikia.nocookie.net/pokemon/images/8/86/715.png
Xerneas,Fairy,,https://static.wikia.nocookie.net/pokemon/images/b/b3/716.png
Yveltal,Dark,Flying,https://static.wikia.nocookie.net/pokemon/images/5/5d/717.png
Zygarde,Dragon,Ground,https://static.wikia.nocookie.net/pokemon/images/9/9e/718.png
Diancie,Rock,Fairy,https://static.wikia.nocookie.net/pokemon/images/5/5f/719.png
Hoopa,Psychic,Ghost,https://static.wikia.nocookie.net/pokemon/images/8/8c/720.png
Volcanion,Fire,Water,https://static.wikia.nocookie.net/pokemon/images/f/fb/721.png
Rowlet,Grass,Flying,https://static.wikia.nocookie.net/pokemon/images/0/09/722.png
Dartrix,Grass,Flying,https://static.wikia.nocookie.net/pokemon/images/8/83/723.png
Decidueye,Grass,Ghost,https://static.wikia.nocookie.net/pokemon/images/1/1a/724.png
Litten,Fire,,https://static.wikia.nocookie.net/pokemon/images/c/c4/725.png
Torracat,Fire,,https://static.wikia.nocookie.net/pokemon/images/9/95/726.png
Incineroar,Fire,Dark,https://static.wikia.nocookie.net/pokemon/images/9/9d/727.png
Popplio,Water,,https://static.wikia.nocookie.net/pokemon/images/f/f8/728.png
Brionne,Water,,https://static.wikia.nocookie.net/pokemon/images/6/6b/729.png
Primarina,Water,Fairy,https://static.wikia.nocookie.net/pokemon/images/a/ae/730.png
Pikipek,Normal,Flying,https://static.wikia.nocookie.net/pokemon/images/b/b4/731.png
Trumbeak,Normal,Flying,https://static.wikia.nocookie.net/pokemon/images/4/46/732.png
Toucannon,Normal,Flying,https://static.wikia.nocookie.net/pokemon/images/e/e7/733.png
Yungoos,Normal,,https://static.wikia.nocookie.net/pokemon/images/c/c9/734.png
Gumshoos,Normal,,https://static.wikia.nocookie.net/pokemon/images/d/d8/735.png
Grubbin,Bug,,https://static.wikia.nocookie.net/pokemon/images/4/47/736.png
Charjabug,Bug,Electric,https://static.wikia.nocookie.net/pokemon/images/5/54/737.png
Vikavolt,Bug,Electric,https://static.wikia.nocookie.net/pokemon/images/9/91/738.png
Crabrawler,Fighting,,https://static.wikia.nocookie.net/pokemon/images/a/a6/739.png
Crabominable,Fighting,Ice,https://static.wikia.nocookie.net/pokemon/images/c/c7/740.png
Oricorio,Fire,Electric,https://static.wikia.nocookie.net/pokemon/images/1/1b/741.png
Cutiefly,Bug,Fairy,https://static.wikia.nocookie.net/pokemon/images/d/dc/742.png
Ribombee,Bug,Fairy,https://static.wikia.nocookie.net/pokemon/images/3/3e/743.png
Rockruff,Rock,,https://static.wikia.nocookie.net/pokemon/images/b/bc/744.png
Lycanroc,Rock,,https://static.wikia.nocookie.net/pokemon/images/f/f0/745.png
Wishiwashi,Water,,https://static.wikia.nocookie.net/pokemon/images/e/ec/746.png
Mareanie,Poison,Water,https://static.wikia.nocookie.net/pokemon/images/6/6c/747.png
Toxapex,Poison,Water,https://static.wikia.nocookie.net/pokemon/images/f/f9/748.png
Mudbray,Ground,,https://static.wikia.nocookie.net/pokemon/images/9/9a/749.png
Mudsdale,Ground,,https://static.wikia.nocookie.net/pokemon/images/3/33/750.png
Dewpider,Water,Bug,https://static.wikia.nocookie.net/pokemon/images/0/09/751.png
Araquanid,Water,Bug,https://static.wikia.nocookie.net/pokemon/images/c/cd/752.png
Fomantis,Grass,,https://static.wikia.nocookie.net/pokemon/images/f/f5/753.png
Lurantis,Grass,,https://static.wikia.nocookie.net/pokemon/images/7/7c/754.png
Morelull,Grass,Fairy,https://static.wikia.nocookie.net/pokemon/images/5/5b/755.png
Shiinotic,Grass,Fairy,https://static.wikia.nocookie.net/pokemon/images/1/13/756.png
Salandit,Poison,Fire,https://static.wikia.nocookie.net/pokemon/images/d/d1/757.png
Salazzle,Poison,Fire,https://static.wikia.nocookie.net/pokemon/images/3/3e/758.png
Stufful,Normal,Fighting,https://static.wikia.nocookie.net/pokemon/images/1/10/759.png
Bewear,Normal,Fighting,https://static.wikia.nocookie.net/pokemon/images/d/d1/760.png
Bounsweet,Grass,,https://static.wikia.nocookie.net/pokemon/images/9/97/761.png
Steenee,Grass,,https://static.wikia.nocookie.net/pokemon/images/d/d7/762.png
Tsareena,Grass,,https://static.wikia.nocookie.net/pokemon/images/f/fc/763.png
Comfey,Fairy,,https://static.wikia.nocookie.net/pokemon/images/c/c9/764.png
Oranguru,Normal,Psychic,https://static.wikia.nocookie.net/pokemon/images/e/e3/765.png
Passimian,Fighting,,https://static.wikia.nocookie.net/pokemon/images/a/a6/766.png
Wimpod,Bug,Water,https://static.wikia.nocookie.net/pokemon/images/1/17/767.png
Golisopod,Bug,Water,https://static.wikia.nocookie.net/pokemon/images/8/84/768.png
Sandygast,Ghost,Ground,https://static.wikia.nocookie.net/pokemon/images/0/06/769.png
Palossand,Ghost,Ground,https://static.wikia.nocookie.net/pokemon/images/0/00/770.png
Pyukumuku,Water,,https://static.wikia.nocookie.net/pokemon/images/9/98/771.png
Type: Null,Normal,,https://static.wikia.nocookie.net/pokemon/images/c/c6/772.png
Silvally,Normal,,https://static.wikia.nocookie.net/pokemon/images/b/b9/773.png
Minior,Rock,Flying,https://static.wikia.nocookie.net/pokemon/images/2/21/774.png
Komala,Normal,,https://static.wikia.nocookie.net/pokemon/images/f/f3/775.png
Turtonator,Fire,Dragon,https://static.wikia.nocookie.net/pokemon/images/2/2d/776.png
Togedemaru,Electric,Steel,https://static.wikia.nocookie.net/pokemon/images/b/b8/777.png
Mimikyu,Ghost,Fairy,https://static.wikia.nocookie.net/pokemon/images/f/f9/778.png
Bruxish,Water,Psychic,https://static.wikia.nocookie.net/pokemon/images/8/85/779.png
Drampa,Normal,Dragon,https://static.wikia.nocookie.net/pokemon/images/6/6e/780.png
Dhelmise,Ghost,Grass,https://static.wikia.nocookie.net/pokemon/images/3/31/781.png
Jangmo-o,Dragon,,https://static.wikia.nocookie.net/pokemon/images/9/92/782.png
Hakamo-o,Dragon,Fighting,https://static.wikia.nocookie.net/pokemon/images/0/08/783.png
Kommo-o,Dragon,Fighting,https://static.wikia.nocookie.net/pokemon/images/a/a5/784.png
Tapu Koko,Electric,Fairy,https://static.wikia.nocookie.net/pokemon/images/7/74/785.png
Tapu Lele,Psychic,Fairy,https://static.wikia.nocookie.net/pokemon/images/6/6e/786.png
Tapu Bulu,Grass,Fairy,https://static.wikia.nocookie.net/pokemon/images/f/fe/787.png
Tapu Fini,Water,Fairy,https://static.wikia.nocookie.net/pokemon/images/8/8c/788.png
Cosmog,Psychic,,https://static.wikia.nocookie.net/pokemon/images/7/76/789.png
Cosmoem,Psychic,,https://static.wikia.nocookie.net/pokemon/images/3/3d/790.png
Solgaleo,Psychic,Steel,https://static.wikia.nocookie.net/pokemon/images/b/b0/791.png
Lunala,Psychic,Ghost,https://static.wikia.nocookie.net/pokemon/images/7/7f/792.png
Nihilego,Rock,Poison,https://static.wikia.nocookie.net/pokemon/images/e/e4/793.png
Buzzwole,Bug,Fighting,https://static.wikia.nocookie.net/pokemon/images/d/df/794.png
Pheromosa,Bug,Fighting,https://static.wikia.nocookie.net/pokemon/images/a/aa/795.png
Xurkitree,Electric,,https://static.wikia.nocookie.net/pokemon/images/7/7d/796.png
Celesteela,Steel,Flying,https://static.wikia.nocookie.net/pokemon/images/b/bf/797.png
Kartana,Grass,Steel,https://static.wikia.nocookie.net/pokemon/images/1/17/798.png
Guzzlord,Dark,Dragon,https://static.wikia.nocookie.net/pokemon/images/a/ad/799.png
Necrozma,Psychic,,https://static.wikia.nocookie.net/pokemon/images/c/cf/800.png
Magearna,Steel,Fairy,https://static.wikia.nocookie.net/pokemon/images/6/61/801.png
Marshadow,Fighting,Ghost,https://static.wikia.nocookie.net/pokemon/images/e/e2/802.png
Poipole,Poison,,https://static.wikia.nocookie.net/pokemon/images/4/45/803.png
Naganadel,Poison,Dragon,https://static.wikia.nocookie.net/pokemon/images/f/f9/804.png
Stakataka,Rock,Steel,https://static.wikia.nocookie.net/pokemon/images/b/b0/805.png
Blacephalon,Fire,Ghost,https://static.wikia.nocookie.net/pokemon/images/0/03/806.png
Zeraora,Electric,,https://static.wikia.nocookie.net/pokemon/images/7/75/807.png
Meltan,Steel,,https://static.wikia.nocookie.net/pokemon/images/b/ba/808.png
Melmetal,Steel,,https://static.wikia.nocookie.net/pokemon/images/3/35/809.png
Grookey,Grass,,https://static.wikia.nocookie.net/pokemon/images/0/0a/810.png
Thwackey,Grass,,https://static.wikia.nocookie.net/pokemon/images/d/df/811.png
Rillaboom,Grass,,https://static.wikia.nocookie.net/pokemon/images/5/54/812.png
Scorbunny,Fire,,https://static.wikia.nocookie.net/pokemon/images/a/aa/813.png
Raboot,Fire,,https://static.wikia.nocookie.net/pokemon/images/5/57/814.png
Cinderace,Fire,,https://static.wikia.nocookie.net/pokemon/images/4/4d/815.png
Sobble,Water,,https://static.wikia.nocookie.net/pokemon/images/5/5e/816.png
Drizzile,Water,,https://static.wikia.nocookie.net/pokemon/images/3/37/817.png
Inteleon,Water,,https://static.wikia.nocookie.net/pokemon/images/5/5b/818.png
Skwovet,Normal,,https://static.wikia.nocookie.net/pokemon/images/a/ad/819.png
Greedent,Normal,,https://static.wikia.nocookie.net/pokemon/images/2/22/820.png
Rookidee,Flying,,https://static.wikia.nocookie.net/pokemon/images/1/15/821.png
Corvisquire,Flying,,https://static.wikia.nocookie.net/pokemon/images/c/c7/822.png
Corviknight,Flying,Steel,https://static.wikia.nocookie.net/pokemon/images/8/8a/823.png
Blipbug,Bug,,https://static.wikia.nocookie.net/pokemon/images/7/7a/824.png
Dottler,Bug,Psychic,https://static.wikia.nocookie.net/pokemon/images/7/77/825.png
Orbeetle,Bug,Psychic,https://static.wikia.nocookie.net/pokemon/images/6/60/826.png
Nickit,Dark,,https://static.wikia.nocookie.net/pokemon/images/5/51/827.png
Thievul,Dark,,https://static.wikia.nocookie.net/pokemon/images/8/83/828.png
Gossifleur,Grass,,https://static.wikia.nocookie.net/pokemon/images/3/3a/829.png
Eldegoss,Grass,,https://static.wikia.nocookie.net/pokemon/images/5/55/830.png
Wooloo,Normal,,https://static.wikia.nocookie.net/pokemon/images/a/ad/831.png
Dubwool,Normal,,https://static.wikia.nocookie.net/pokemon/images/9/92/832.png
Chewtle,Water,,https://static.wikia.nocookie.net/pokemon/images/c/c5/833.png
Drednaw,Water,Rock,https://static.wikia.nocookie.net/pokemon/images/0/08/834.png
Yamper,Electric,,https://static.wikia.nocookie.net/pokemon/images/2/28/835.png
Boltund,Electric,,https://static.wikia.nocookie.net/pokemon/images/5/5c/836.png
Rolycoly,Rock,,https://static.wikia.nocookie.net/pokemon/images/b/be/837.png
Carkol,Rock,Fire,https://static.wikia.nocookie.net/pokemon/images/2/21/838.png
Coalossal,Rock,Fire,https://static.wikia.nocookie.net/pokemon/images/5/55/839.png
Applin,Grass,Dragon,https://static.wikia.nocookie.net/pokemon/images/1/15/840.png
Flapple,Grass,Dragon,https://static.wikia.nocookie.net/pokemon/images/e/ea/841.png
Appletun,Grass,Dragon,https://static.wikia.nocookie.net/pokemon/images/5/59/842.png
Silicobra,Ground,,https://static.wikia.nocookie.net/pokemon/images/b/bf/843.png
Sandaconda,Ground,,https://static.wikia.nocookie.net/pokemon/images/c/c3/844.png
Cramorant,Flying,Water,https://static.wikia.nocookie.net/pokemon/images/9/93/845.png
Arrokuda,Water,,https://static.wikia.nocookie.net/pokemon/images/6/69/846.png
Barraskewda,Water,,https://static.wikia.nocookie.net/pokemon/images/1/10/847.png
Toxel,Electric,Poison,https://static.wikia.nocookie.net/pokemon/images/9/99/848.png
Toxtricity,Electric,Poison,https://static.wikia.nocookie.net/pokemon/images/2/2d/849.png
Sizzlipede,Fire,Bug,https://static.wikia.nocookie.net/pokemon/images/7/79/850.png
Centiskorch,Fire,Bug,https://static.wikia.nocookie.net/pokemon/images/6/6d/851.png
Clobbopus,Fighting,,https://static.wikia.nocookie.net/pokemon/images/e/e8/852.png
Grapploct,Fighting,,https://static.wikia.nocookie.net/pokemon/images/5/5b/853.png
Sinistea,Ghost,,https://static.wikia.nocookie.net/pokemon/images/9/94/854.png
Polteageist,Ghost,,https://static.wikia.nocookie.net/pokemon/images/b/bc/855.png
Hatenna,Psychic,,https://static.wikia.nocookie.net/pokemon/images/3/3a/856.png
Hattrem,Psychic,,https://static.wikia.nocookie.net/pokemon/images/e/e0/857.png
Hatterene,Psychic,Fairy,https://static.wikia.nocookie.net/pokemon/images/1/10/858.png
Impidimp,Dark,Fairy,https://static.wikia.nocookie.net/pokemon/images/6/64/859.png
Morgrem,Dark,Fairy,https://static.wikia.nocookie.net/pokemon/images/5/53/860.png
Grimmsnarl,Dark,Fairy,https://static.wikia.nocookie.net/pokemon/images/8/82/861.png
Obstagoon,Dark,Normal,https://static.wikia.nocookie.net/pokemon/images/c/c7/862.png
Perrserker,Steel,,https://static.wikia.nocookie.net/pokemon/images/6/6b/863.png
Cursola,Ghost,,https://static.wikia.nocookie.net/pokemon/images/0/0e/864.png
Sirfetch'd,Fighting,,https://static.wikia.nocookie.net/pokemon/images/0/0a/865.png
Mr. Rime,Ice,Psychic,https://static.wikia.nocookie.net/pokemon/images/1/14/866.png
Runerigus,Ground,Ghost,https://static.wikia.nocookie.net/pokemon/images/d/d5/867.png
Milcery,Fairy,,https://static.wikia.nocookie.net/pokemon/images/c/c8/868.png
Alcremie,Fairy,,https://static.wikia.nocookie.net/pokemon/images/b/bd/869.png
Falinks,Fighting,,https://static.wikia.nocookie.net/pokemon/images/1/15/870.png
Pincurchin,Electric,,https://static.wikia.nocookie.net/pokemon/images/2/21/871.png
Snom,Ice,Bug,https://static.wikia.nocookie.net/pokemon/images/7/7a/872.png
Frosmoth,Ice,Bug,https://static.wikia.nocookie.net/pokemon/images/9/9a/873.png
Stonjourner,Rock,,https://static.wikia.nocookie.net/pokemon/images/d/d4/874.png
Eiscue,Ice,,https://static.wikia.nocookie.net/pokemon/images/d/d1/875.png
Indeedee,Psychic,Normal,https://static.wikia.nocookie.net/pokemon/images/5/5d/876.png
Morpeko,Electric,Dark,https://static.wikia.nocookie.net/pokemon/images/5/55/877.png
Cufant,Steel,,https://static.wikia.nocookie.net/pokemon/images/f/f4/878.png
Copperajah,Steel,,https://static.wikia.nocookie.net/pokemon/images/0/02/879.png
Dracozolt,Electric,Dragon,https://static.wikia.nocookie.net/pokemon/images/7/76/880.png
Arctozolt,Electric,Ice,https://static.wikia.nocookie.net/pokemon/images/6/6b/881.png
Dracovish,Water,Dragon,https://static.wikia.nocookie.net/pokemon/images/2/2d/882.png
Arctovish,Water,Ice,https://static.wikia.nocookie.net/pokemon/images/7/78/883.png
Duraludon,Steel,Dragon,https://static.wikia.nocookie.net/pokemon/images/3/36/884.png
Dreepy,Dragon,Ghost,https://static.wikia.nocookie.net/pokemon/images/4/4f/885.png
Drakloak,Dragon,Ghost,https://static.wikia.nocookie.net/pokemon/images/b/b2/886.png
Dragapult,Dragon,Ghost,https://static.wikia.nocookie.net/pokemon/images/8/84/887.png
Zacian,Fairy,Steel,https://static.wikia.nocookie.net/pokemon/images/6/6a/888.png
Zamazenta,Fighting,Steel,https://static.wikia.nocookie.net/pokemon/images/6/68/889.png
Eternatus,Poison,Dragon,https://static.wikia.nocookie.net/pokemon/images/9/97/890.png
Kubfu,Fighting,,https://static.wikia.nocookie.net/pokemon/images/8/80/891.png
Urshifu,Fighting,Dark,https://static.wikia.nocookie.net/pokemon/images/a/a7/892.png
Zarude,Dark,Grass,https://static.wikia.nocookie.net/pokemon/images/b/bd/893.png
Regieleki,Electric,,https://static.wikia.nocookie.net/pokemon/images/0/07/894.png
Regidrago,Dragon,,https://static.wikia.nocookie.net/pokemon/images/7/74/895.png
Glastrier,Ice,,https://static.wikia.nocookie.net/pokemon/images/7/71/896.png
Spectrier,Ghost,,https://static.wikia.nocookie.net/pokemon/images/6/64/897.png
Calyrex,Psychic,Grass,https://static.wikia.nocookie.net/pokemon/images/9/91/898.png
Wyrdeer,Normal,Psychic,https://static.wikia.nocookie.net/pokemon/images/e/ed/899.png
Kleavor,Bug,Rock,https://static.wikia.nocookie.net/pokemon/images/9/95/900.png
Ursaluna,Ground,Normal,https://static.wikia.nocookie.net/pokemon/images/b/b0/901.png
Basculegion,water,Ghost,https://static.wikia.nocookie.net/pokemon/images/9/99/902.png
Sneasler,Fighting,Poison,https://static.wikia.nocookie.net/pokemon/images/a/a3/903.png
Overqwil,Dark,Poison,https://static.wikia.nocookie.net/pokemon/images/8/86/904.png
Enamorus,Fairy,Flying,https://static.wikia.nocookie.net/pokemon/images/6/6a/905.png
Sprigatito,Grass,,https://static.wikia.nocookie.net/pokemon/images/d/d1/906.png
Floragato,Grass,,https://static.wikia.nocookie.net/pokemon/images/3/36/907.png
Meowscarada,Grass,Dark,https://static.wikia.nocookie.net/pokemon/images/a/aa/908.png
Fuecoco,Fire,,https://static.wikia.nocookie.net/pokemon/images/9/94/909.png
Crocalor,Fire,,https://static.wikia.nocookie.net/pokemon/images/f/fc/910.png
Skeledirge,Fire,Ghost,https://static.wikia.nocookie.net/pokemon/images/2/27/911.png
Quaxly,Water,,https://static.wikia.nocookie.net/pokemon/images/7/7b/912.png
Quaxwell,Water,,https://static.wikia.nocookie.net/pokemon/images/c/cb/913.png
Quaquaval,Water,Fighting,https://static.wikia.nocookie.net/pokemon/images/9/96/914.png
Lechonk,Normal,,https://static.wikia.nocookie.net/pokemon/images/2/2e/915.png
Oinkologne,Normal,,https://static.wikia.nocookie.net/pokemon/images/6/66/916.png
Tarountula,Bug,,https://static.wikia.nocookie.net/pokemon/images/f/f5/917.png
Spidops,Bug,,https://static.wikia.nocookie.net/pokemon/images/c/c6/918.png
Nymble,Bug,,https://static.wikia.nocookie.net/pokemon/images/4/40/919.png
Lokix,Bug,Dark,https://static.wikia.nocookie.net/pokemon/images/d/dd/920.png
Pawmi,Electric,,https://static.wikia.nocookie.net/pokemon/images/3/36/921.png
Pawmo,Electric,Fighting,https://static.wikia.nocookie.net/pokemon/images/c/cb/922.png
Pawmot,Electric,Fighting,https://static.wikia.nocookie.net/pokemon/images/e/e7/923.png
Tandemaus,Normal,,https://static.wikia.nocookie.net/pokemon/images/4/4a/924.png
Maushold,Normal,,https://static.wikia.nocookie.net/pokemon/images/3/36/925.png
Fidough,Fairy,,https://static.wikia.nocookie.net/pokemon/images/e/e0/926.png
Dachsbun,Fairy,,https://static.wikia.nocookie.net/pokemon/images/c/c8/927.png
Smoliv,Grass,Normal,https://static.wikia.nocookie.net/pokemon/images/5/58/928.png
Dolliv,Grass,Normal,https://static.wikia.nocookie.net/pokemon/images/9/96/929.png
Arboliva,Grass,Normal,https://static.wikia.nocookie.net/pokemon/images/c/c7/930.png
Squawkabilly,Normal,Flying,https://static.wikia.nocookie.net/pokemon/images/4/4d/931.png
Nacli,Rock,,https://static.wikia.nocookie.net/pokemon/images/0/08/932.png
Naclstack,Rock,,https://static.wikia.nocookie.net/pokemon/images/2/26/933.png
Garganacl,Rock,,https://static.wikia.nocookie.net/pokemon/images/3/3a/934.png
Charcadet,Fire,,https://static.wikia.nocookie.net/pokemon/images/5/50/935.png
Armarouge,Fire,Psychic,https://static.wikia.nocookie.net/pokemon/images/3/38/936.png
Ceruledge,Fire,Ghost,https://static.wikia.nocookie.net/pokemon/images/6/64/937.png
Tadbulb,Electric,,https://static.wikia.nocookie.net/pokemon/images/8/8b/938.png
Bellibolt,Electric,,https://static.wikia.nocookie.net/pokemon/images/6/6b/939.png
Wattrel,Electric,Flying,https://static.wikia.nocookie.net/pokemon/images/8/81/940.png
Kilowattrel,Electric,Flying,https://static.wikia.nocookie.net/pokemon/images/f/f6/941.png
Maschiff,Dark,,https://static.wikia.nocookie.net/pokemon/images/8/82/942.png
Mabosstiff,Dark,,https://static.wikia.nocookie.net/pokemon/images/5/5a/943.png
Shroodle,Poison,Normal,https://static.wikia.nocookie.net/pokemon/images/8/84/944.png
Grafaiai,Poison,Normal,https://static.wikia.nocookie.net/pokemon/images/2/2b/945.png
Bramblin,Grass,Ghost,https://static.wikia.nocookie.net/pokemon/images/2/2f/946.png
Brambleghast,Grass,Ghost,https://static.wikia.nocookie.net/pokemon/images/9/94/947.png
Toedscool,Ground,Grass,https://static.wikia.nocookie.net/pokemon/images/8/84/948.png
Toedscruel,Ground,Grass,https://static.wikia.nocookie.net/pokemon/images/8/88/949.png
Klawf,Rock,,https://static.wikia.nocookie.net/pokemon/images/a/a9/950.png
Capsakid,Grass,,https://static.wikia.nocookie.net/pokemon/images/d/dc/951.png
Scovillain,Grass,Fire,https://static.wikia.nocookie.net/pokemon/images/0/0f/952.png
Rellor,Bug,,https://static.wikia.nocookie.net/pokemon/images/6/61/953.png
Rabsca,Bug,Psychic,https://static.wikia.nocookie.net/pokemon/images/8/88/954.png
Flittle,Psychic,,https://static.wikia.nocookie.net/pokemon/images/e/e4/955.png
Espathra,Psychic,,https://static.wikia.nocookie.net/pokemon/images/e/eb/956.png
Tinkatink,Fairy,Steel,https://static.wikia.nocookie.net/pokemon/images/a/ab/957.png
Tinkatuff,Fairy,Steel,https://static.wikia.nocookie.net/pokemon/images/f/ff/958.png
Tinkaton,Fairy,Steel,https://static.wikia.nocookie.net/pokemon/images/0/00/959.png
Wiglett,Water,,https://static.wikia.nocookie.net/pokemon/images/0/0f/960.png
Wugtrio,Water,,https://static.wikia.nocookie.net/pokemon/images/1/1f/961.png
Bombirdier,Flying,Dark,https://static.wikia.nocookie.net/pokemon/images/c/c8/962.png
Finizen,Water,,https://static.wikia.nocookie.net/pokemon/images/4/43/963.png
Palafin,Water,,https://static.wikia.nocookie.net/pokemon/images/9/9e/964.png
Varoom,Steel,Poison,https://static.wikia.nocookie.net/pokemon/images/b/ba/965.png
Revavroom,Steel,Poison,https://static.wikia.nocookie.net/pokemon/images/0/0f/966.png
Cyclizar,Dragon,Normal,https://static.wikia.nocookie.net/pokemon/images/4/4d/967.png
Orthworm,Steel,,https://static.wikia.nocookie.net/pokemon/images/1/1e/968.png
Glimmet,Rock,Poison,https://static.wikia.nocookie.net/pokemon/images/d/d6/969.png
Glimmora,Rock,Poison,https://static.wikia.nocookie.net/pokemon/images/a/a6/970.png
Greavard,Ghost,,https://static.wikia.nocookie.net/pokemon/images/0/01/971.png
Houndstone,Ghost,,https://static.wikia.nocookie.net/pokemon/images/b/be/972.png
Flamigo,Flying,Fighting,https://static.wikia.nocookie.net/pokemon/images/8/8a/973.png
Cetoddle,Ice,,https://static.wikia.nocookie.net/pokemon/images/2/2e/974.png
Cetitan,Ice,,https://static.wikia.nocookie.net/pokemon/images/2/27/975.png
Veluza,Water,Psychic,https://static.wikia.nocookie.net/pokemon/images/d/d5/976.png
Dondozo,Water,,https://static.wikia.nocookie.net/pokemon/images/5/59/977.png
Tatsugiri,Dragon,Water,https://static.wikia.nocookie.net/pokemon/images/6/64/978.png
Annihilape,Fighting,Ghost,https://static.wikia.nocookie.net/pokemon/images/e/ea/979.png
Clodsire,Poison,Ground,https://static.wikia.nocookie.net/pokemon/images/e/e8/980.png
Farigiraf,Normal,Psychic,https://static.wikia.nocookie.net/pokemon/images/0/0e/981.png
Dudunsparce,Normal,,https://static.wikia.nocookie.net/pokemon/images/2/20/982.png
Kingambit,Dark,Steel,https://static.wikia.nocookie.net/pokemon/images/9/93/983.png
Great Tusk,Ground,Fighting,https://static.wikia.nocookie.net/pokemon/images/b/b4/984.png
Scream Tail,Fairy,Psychic,https://static.wikia.nocookie.net/pokemon/images/8/8d/985.png
Brute Bonnet,Grass,Dark,https://static.wikia.nocookie.net/pokemon/images/3/30/986.png
Flutter Mane,Ghost,Fairy,https://static.wikia.nocookie.net/pokemon/images/5/56/987.png
Slither Wing,Bug,Fighting,https://static.wikia.nocookie.net/pokemon/images/7/73/988.png
Sandy Shocks,Electric,Ground,https://static.wikia.nocookie.net/pokemon/images/9/9f/989.png
Iron Treads,Ground,Steel,https://static.wikia.nocookie.net/pokemon/images/1/13/990.png
Iron Bundle,Ice,Water,https://static.wikia.nocookie.net/pokemon/images/9/96/991.png
Iron Hands,Fighting,Electric,https://static.wikia.nocookie.net/pokemon/images/4/4c/992.png
Iron Jugulis,Dark,Flying,https://static.wikia.nocookie.net/pokemon/images/a/ab/993.png
Iron Moth,Fire,Poison,https://static.wikia.nocookie.net/pokemon/images/4/42/994.png
Iron Thorns,Rock,Electric,https://static.wikia.nocookie.net/pokemon/images/8/88/995.png
Frigibax,Dragon,Ice,https://static.wikia.nocookie.net/pokemon/images/e/ed/996.png
Arctibax,Dragon,Ice,https://static.wikia.nocookie.net/pokemon/images/b/be/997.png
Baxcalibur,Dragon,Ice,https://static.wikia.nocookie.net/pokemon/images/0/02/998.png
Gimmighoul,Ghost,,https://static.wikia.nocookie.net/pokemon/images/4/4b/999.png
Gholdengo,Steel,Ghost,https://static.wikia.nocookie.net/pokemon/images/4/46/1000.png
Wo-Chien,Dark,Grass,https://static.wikia.nocookie.net/pokemon/images/9/99/1001.png
Chien-Pao,Dark,Ice,https://static.wikia.nocookie.net/pokemon/images/d/d3/1002.png
Ting-Lu,Dark,Ground,https://static.wikia.nocookie.net/pokemon/images/f/f1/1003.png
Chi-Yu,Dark,Fire,https://static.wikia.nocookie.net/pokemon/images/4/47/1004.png
Roaring Moon,Dragon,Dark,https://static.wikia.nocookie.net/pokemon/images/f/f9/1005.png
Iron Valiant,Fairy,Fighting,https://static.wikia.nocookie.net/pokemon/images/0/02/1006.png
Koraidon,Fighting,Dragon,https://static.wikia.nocookie.net/pokemon/images/d/d6/1007.png
Miraidon,Electric,Dragon,https://static.wikia.nocookie.net/pokemon/images/c/cc/1008.png
Walking Wake,Water,Dragon,https://static.wikia.nocookie.net/pokemon/images/4/43/1009.png
Iron Leaves,Grass,Psychic,https://static.wikia.nocookie.net/pokemon/images/a/a7/1010.png
Dipplin,Grass,Dragon,https://static.wikia.nocookie.net/pokemon/images/e/e6/1011.png
Poltchageist,Grass,Ghost,https://static.wikia.nocookie.net/pokemon/images/7/70/1012.png
Sinistcha,Grass,Ghost,https://static.wikia.nocookie.net/pokemon/images/f/f8/1013.png
Okidogi,Poison,Fighting,https://static.wikia.nocookie.net/pokemon/images/e/ec/1014.png
Munkidori,Poison,Psychic,https://static.wikia.nocookie.net/pokemon/images/f/f7/1015.png
Fezandipiti,Poison,Fairy,https://static.wikia.nocookie.net/pokemon/images/2/24/1016.png
Ogerpon,Grass,,https://static.wikia.nocookie.net/pokemon/images/b/b1/1017.png
Archaludon,Steel,Dragon,https://static.wikia.nocookie.net/pokemon/images/b/bd/1018.png
Hydrapple,Grass,Dragon,https://static.wikia.nocookie.net/pokemon/images/c/ca/1019.png
Gouging Fire,Fire,Dragon,https://static.wikia.nocookie.net/pokemon/images/5/5f/1020.png
Raging Bolt,Electric,Dragon,https://static.wikia.nocookie.net/pokemon/images/b/b8/1021.png
Iron Boulder,Rock,Psychic,https://static.wikia.nocookie.net/pokemon/images/9/94/1022.png
Iron Crown,Steel,Psychic,https://static.wikia.nocookie.net/pokemon/images/e/ea/1023.png
Terapagos,Normal,,https://static.wikia.nocookie.net/pokemon/images/f/ff/1024.png
Pecharunt,Poison,Ghost,https://static.wikia.nocookie.net/pokemon/images/1/10/1025.png
